#{"manifestVersion":1,"columnDefinitions":[{"csvName":"Country","dbName":"country","csvIndex":0,"type":"text"},{"csvName":"Time","dbName":"time","csvIndex":1,"type":"text"},{"csvName":"category_1","dbName":"category_1","csvIndex":2,"type":"text"},{"csvName":"category_2","dbName":"category_2","csvIndex":3,"type":"text"},{"csvName":"category_3","dbName":"category_3","csvIndex":4,"type":"text"},{"csvName":"category_4","dbName":"category_4","csvIndex":5,"type":"text"},{"csvName":"value","dbName":"value","csvIndex":6,"type":"integer"}]}
"Country"	"Time"	"category_1"	"category_2"	"category_3"	"category_4"	"value"
"finnland"	"1997-10-01"	"Total"	"Domestic"	"Non-financial corporations"	""	"3327"
"finnland"	"1997-10-01"	"Total"	"Domestic"	"Financial and insurance corporations"	"Central Bank"	"0"
"finnland"	"1997-10-01"	"Total"	"Domestic"	"Financial and insurance corporations"	"Other MFIs"	"11238"
"finnland"	"1997-10-01"	"Total"	"Domestic"	"Financial and insurance corporations"	"Money market funds"	"0"
"finnland"	"1997-10-01"	"Total"	"Domestic"	"Financial and insurance corporations"	"Insurance corporations and pension funds"	"4999"
"finnland"	"1997-10-01"	"Total"	"Domestic"	"Financial and insurance corporations"	"Others"	"1389"
"finnland"	"1997-10-01"	"Total"	"Domestic"	"General Government"	""	"19095"
"finnland"	"1997-10-01"	"Total"	"Domestic"	"Households"	""	"2309"
"finnland"	"1997-10-01"	"Total"	"Domestic"	"NPISHs"	""	"54"
"finnland"	"1997-10-01"	"Total"	"Rest of the world"	""	""	"35142"
"finnland"	"1998-01-01"	"Total"	"Domestic"	"Non-financial corporations"	""	"7890"
"finnland"	"1998-01-01"	"Total"	"Domestic"	"Financial and insurance corporations"	"Central Bank"	"0"
"finnland"	"1998-01-01"	"Total"	"Domestic"	"Financial and insurance corporations"	"Other MFIs"	"10516"
"finnland"	"1998-01-01"	"Total"	"Domestic"	"Financial and insurance corporations"	"Money market funds"	"0"
"finnland"	"1998-01-01"	"Total"	"Domestic"	"Financial and insurance corporations"	"Insurance corporations and pension funds"	"5339"
"finnland"	"1998-01-01"	"Total"	"Domestic"	"Financial and insurance corporations"	"Others"	"1522"
"finnland"	"1998-01-01"	"Total"	"Domestic"	"General Government"	""	"19343"
"finnland"	"1998-01-01"	"Total"	"Domestic"	"Households"	""	"2267"
"finnland"	"1998-01-01"	"Total"	"Domestic"	"NPISHs"	""	"55"
"finnland"	"1998-01-01"	"Total"	"Rest of the world"	""	""	"29262"
"finnland"	"1998-04-01"	"Total"	"Domestic"	"Non-financial corporations"	""	"2242"
"finnland"	"1998-04-01"	"Total"	"Domestic"	"Financial and insurance corporations"	"Central Bank"	"0"
"finnland"	"1998-04-01"	"Total"	"Domestic"	"Financial and insurance corporations"	"Other MFIs"	"9710"
"finnland"	"1998-04-01"	"Total"	"Domestic"	"Financial and insurance corporations"	"Money market funds"	"0"
"finnland"	"1998-04-01"	"Total"	"Domestic"	"Financial and insurance corporations"	"Insurance corporations and pension funds"	"5709"
"finnland"	"1998-04-01"	"Total"	"Domestic"	"Financial and insurance corporations"	"Others"	"3120"
"finnland"	"1998-04-01"	"Total"	"Domestic"	"General Government"	""	"20053"
"finnland"	"1998-04-01"	"Total"	"Domestic"	"Households"	""	"2224"
"finnland"	"1998-04-01"	"Total"	"Domestic"	"NPISHs"	""	"56"
"finnland"	"1998-04-01"	"Total"	"Rest of the world"	""	""	"34817"
"finnland"	"1998-07-01"	"Total"	"Domestic"	"Non-financial corporations"	""	"3489"
"finnland"	"1998-07-01"	"Total"	"Domestic"	"Financial and insurance corporations"	"Central Bank"	"0"
"finnland"	"1998-07-01"	"Total"	"Domestic"	"Financial and insurance corporations"	"Other MFIs"	"10054"
"finnland"	"1998-07-01"	"Total"	"Domestic"	"Financial and insurance corporations"	"Money market funds"	"0"
"finnland"	"1998-07-01"	"Total"	"Domestic"	"Financial and insurance corporations"	"Insurance corporations and pension funds"	"6078"
"finnland"	"1998-07-01"	"Total"	"Domestic"	"Financial and insurance corporations"	"Others"	"3398"
"finnland"	"1998-07-01"	"Total"	"Domestic"	"General Government"	""	"20832"
"finnland"	"1998-07-01"	"Total"	"Domestic"	"Households"	""	"2182"
"finnland"	"1998-07-01"	"Total"	"Domestic"	"NPISHs"	""	"55"
"finnland"	"1998-07-01"	"Total"	"Rest of the world"	""	""	"33427"
"finnland"	"1998-10-01"	"Total"	"Domestic"	"Non-financial corporations"	""	"3500"
"finnland"	"1998-10-01"	"Total"	"Domestic"	"Financial and insurance corporations"	"Central Bank"	"0"
"finnland"	"1998-10-01"	"Total"	"Domestic"	"Financial and insurance corporations"	"Other MFIs"	"9848"
"finnland"	"1998-10-01"	"Total"	"Domestic"	"Financial and insurance corporations"	"Money market funds"	"0"
"finnland"	"1998-10-01"	"Total"	"Domestic"	"Financial and insurance corporations"	"Insurance corporations and pension funds"	"6467"
"finnland"	"1998-10-01"	"Total"	"Domestic"	"Financial and insurance corporations"	"Others"	"1942"
"finnland"	"1998-10-01"	"Total"	"Domestic"	"General Government"	""	"22005"
"finnland"	"1998-10-01"	"Total"	"Domestic"	"Households"	""	"2139"
"finnland"	"1998-10-01"	"Total"	"Domestic"	"NPISHs"	""	"56"
"finnland"	"1998-10-01"	"Total"	"Rest of the world"	""	""	"34844"
"finnland"	"1999-01-01"	"Total"	"Domestic"	"Non-financial corporations"	""	"2547"
"finnland"	"1999-01-01"	"Total"	"Domestic"	"Financial and insurance corporations"	"Central Bank"	"0"
"finnland"	"1999-01-01"	"Total"	"Domestic"	"Financial and insurance corporations"	"Other MFIs"	"9612"
"finnland"	"1999-01-01"	"Total"	"Domestic"	"Financial and insurance corporations"	"Money market funds"	"37"
"finnland"	"1999-01-01"	"Total"	"Domestic"	"Financial and insurance corporations"	"Insurance corporations and pension funds"	"6411"
"finnland"	"1999-01-01"	"Total"	"Domestic"	"Financial and insurance corporations"	"Others"	"1935"
"finnland"	"1999-01-01"	"Total"	"Domestic"	"General Government"	""	"20285"
"finnland"	"1999-01-01"	"Total"	"Domestic"	"Households"	""	"1445"
"finnland"	"1999-01-01"	"Total"	"Domestic"	"NPISHs"	""	"56"
"finnland"	"1999-01-01"	"Total"	"Rest of the world"	""	""	"36596"
"finnland"	"1999-04-01"	"Total"	"Domestic"	"Non-financial corporations"	""	"2265"
"finnland"	"1999-04-01"	"Total"	"Domestic"	"Financial and insurance corporations"	"Central Bank"	"0"
"finnland"	"1999-04-01"	"Total"	"Domestic"	"Financial and insurance corporations"	"Other MFIs"	"9078"
"finnland"	"1999-04-01"	"Total"	"Domestic"	"Financial and insurance corporations"	"Money market funds"	"51"
"finnland"	"1999-04-01"	"Total"	"Domestic"	"Financial and insurance corporations"	"Insurance corporations and pension funds"	"6133"
"finnland"	"1999-04-01"	"Total"	"Domestic"	"Financial and insurance corporations"	"Others"	"1871"
"finnland"	"1999-04-01"	"Total"	"Domestic"	"General Government"	""	"20284"
"finnland"	"1999-04-01"	"Total"	"Domestic"	"Households"	""	"1305"
"finnland"	"1999-04-01"	"Total"	"Domestic"	"NPISHs"	""	"56"
"finnland"	"1999-04-01"	"Total"	"Rest of the world"	""	""	"36953"
"finnland"	"1999-07-01"	"Total"	"Domestic"	"Non-financial corporations"	""	"2021"
"finnland"	"1999-07-01"	"Total"	"Domestic"	"Financial and insurance corporations"	"Central Bank"	"0"
"finnland"	"1999-07-01"	"Total"	"Domestic"	"Financial and insurance corporations"	"Other MFIs"	"9032"
"finnland"	"1999-07-01"	"Total"	"Domestic"	"Financial and insurance corporations"	"Money market funds"	"64"
"finnland"	"1999-07-01"	"Total"	"Domestic"	"Financial and insurance corporations"	"Insurance corporations and pension funds"	"6045"
"finnland"	"1999-07-01"	"Total"	"Domestic"	"Financial and insurance corporations"	"Others"	"1547"
"finnland"	"1999-07-01"	"Total"	"Domestic"	"General Government"	""	"18405"
"finnland"	"1999-07-01"	"Total"	"Domestic"	"Households"	""	"1084"
"finnland"	"1999-07-01"	"Total"	"Domestic"	"NPISHs"	""	"55"
"finnland"	"1999-07-01"	"Total"	"Rest of the world"	""	""	"36017"
"finnland"	"1999-10-01"	"Total"	"Domestic"	"Non-financial corporations"	""	"2711"
"finnland"	"1999-10-01"	"Total"	"Domestic"	"Financial and insurance corporations"	"Central Bank"	"0"
"finnland"	"1999-10-01"	"Total"	"Domestic"	"Financial and insurance corporations"	"Other MFIs"	"7437"
"finnland"	"1999-10-01"	"Total"	"Domestic"	"Financial and insurance corporations"	"Money market funds"	"77"
"finnland"	"1999-10-01"	"Total"	"Domestic"	"Financial and insurance corporations"	"Insurance corporations and pension funds"	"5842"
"finnland"	"1999-10-01"	"Total"	"Domestic"	"Financial and insurance corporations"	"Others"	"1510"
"finnland"	"1999-10-01"	"Total"	"Domestic"	"General Government"	""	"18068"
"finnland"	"1999-10-01"	"Total"	"Domestic"	"Households"	""	"1438"
"finnland"	"1999-10-01"	"Total"	"Domestic"	"NPISHs"	""	"50"
"finnland"	"1999-10-01"	"Total"	"Rest of the world"	""	""	"36074"
"finnland"	"2000-01-01"	"Total"	"Domestic"	"Non-financial corporations"	""	"2734"
"finnland"	"2000-01-01"	"Total"	"Domestic"	"Financial and insurance corporations"	"Central Bank"	"0"
"finnland"	"2000-01-01"	"Total"	"Domestic"	"Financial and insurance corporations"	"Other MFIs"	"7769"
"finnland"	"2000-01-01"	"Total"	"Domestic"	"Financial and insurance corporations"	"Money market funds"	"155"
"finnland"	"2000-01-01"	"Total"	"Domestic"	"Financial and insurance corporations"	"Insurance corporations and pension funds"	"6272"
"finnland"	"2000-01-01"	"Total"	"Domestic"	"Financial and insurance corporations"	"Others"	"1316"
"finnland"	"2000-01-01"	"Total"	"Domestic"	"General Government"	""	"16314"
"finnland"	"2000-01-01"	"Total"	"Domestic"	"Households"	""	"1198"
"finnland"	"2000-01-01"	"Total"	"Domestic"	"NPISHs"	""	"49"
"finnland"	"2000-01-01"	"Total"	"Rest of the world"	""	""	"37144"
"finnland"	"2000-04-01"	"Total"	"Domestic"	"Non-financial corporations"	""	"1988"
"finnland"	"2000-04-01"	"Total"	"Domestic"	"Financial and insurance corporations"	"Central Bank"	"0"
"finnland"	"2000-04-01"	"Total"	"Domestic"	"Financial and insurance corporations"	"Other MFIs"	"7073"
"finnland"	"2000-04-01"	"Total"	"Domestic"	"Financial and insurance corporations"	"Money market funds"	"221"
"finnland"	"2000-04-01"	"Total"	"Domestic"	"Financial and insurance corporations"	"Insurance corporations and pension funds"	"6258"
"finnland"	"2000-04-01"	"Total"	"Domestic"	"Financial and insurance corporations"	"Others"	"977"
"finnland"	"2000-04-01"	"Total"	"Domestic"	"General Government"	""	"14439"
"finnland"	"2000-04-01"	"Total"	"Domestic"	"Households"	""	"820"
"finnland"	"2000-04-01"	"Total"	"Domestic"	"NPISHs"	""	"49"
"finnland"	"2000-04-01"	"Total"	"Rest of the world"	""	""	"36968"
"finnland"	"2000-07-01"	"Total"	"Domestic"	"Non-financial corporations"	""	"2125"
"finnland"	"2000-07-01"	"Total"	"Domestic"	"Financial and insurance corporations"	"Central Bank"	"0"
"finnland"	"2000-07-01"	"Total"	"Domestic"	"Financial and insurance corporations"	"Other MFIs"	"7149"
"finnland"	"2000-07-01"	"Total"	"Domestic"	"Financial and insurance corporations"	"Money market funds"	"323"
"finnland"	"2000-07-01"	"Total"	"Domestic"	"Financial and insurance corporations"	"Insurance corporations and pension funds"	"6251"
"finnland"	"2000-07-01"	"Total"	"Domestic"	"Financial and insurance corporations"	"Others"	"898"
"finnland"	"2000-07-01"	"Total"	"Domestic"	"General Government"	""	"12707"
"finnland"	"2000-07-01"	"Total"	"Domestic"	"Households"	""	"761"
"finnland"	"2000-07-01"	"Total"	"Domestic"	"NPISHs"	""	"49"
"finnland"	"2000-07-01"	"Total"	"Rest of the world"	""	""	"39048"
"finnland"	"2000-10-01"	"Total"	"Domestic"	"Non-financial corporations"	""	"2604"
"finnland"	"2000-10-01"	"Total"	"Domestic"	"Financial and insurance corporations"	"Central Bank"	"0"
"finnland"	"2000-10-01"	"Total"	"Domestic"	"Financial and insurance corporations"	"Other MFIs"	"6476"
"finnland"	"2000-10-01"	"Total"	"Domestic"	"Financial and insurance corporations"	"Money market funds"	"389"
"finnland"	"2000-10-01"	"Total"	"Domestic"	"Financial and insurance corporations"	"Insurance corporations and pension funds"	"6417"
"finnland"	"2000-10-01"	"Total"	"Domestic"	"Financial and insurance corporations"	"Others"	"1152"
"finnland"	"2000-10-01"	"Total"	"Domestic"	"General Government"	""	"11535"
"finnland"	"2000-10-01"	"Total"	"Domestic"	"Households"	""	"1098"
"finnland"	"2000-10-01"	"Total"	"Domestic"	"NPISHs"	""	"54"
"finnland"	"2000-10-01"	"Total"	"Rest of the world"	""	""	"38036"
"finnland"	"2001-01-01"	"Total"	"Domestic"	"Non-financial corporations"	""	"2913"
"finnland"	"2001-01-01"	"Total"	"Domestic"	"Financial and insurance corporations"	"Central Bank"	"0"
"finnland"	"2001-01-01"	"Total"	"Domestic"	"Financial and insurance corporations"	"Other MFIs"	"6032"
"finnland"	"2001-01-01"	"Total"	"Domestic"	"Financial and insurance corporations"	"Money market funds"	"431"
"finnland"	"2001-01-01"	"Total"	"Domestic"	"Financial and insurance corporations"	"Insurance corporations and pension funds"	"6351"
"finnland"	"2001-01-01"	"Total"	"Domestic"	"Financial and insurance corporations"	"Others"	"1088"
"finnland"	"2001-01-01"	"Total"	"Domestic"	"General Government"	""	"10782"
"finnland"	"2001-01-01"	"Total"	"Domestic"	"Households"	""	"1253"
"finnland"	"2001-01-01"	"Total"	"Domestic"	"NPISHs"	""	"64"
"finnland"	"2001-01-01"	"Total"	"Rest of the world"	""	""	"38078"
"finnland"	"2001-04-01"	"Total"	"Domestic"	"Non-financial corporations"	""	"3083"
"finnland"	"2001-04-01"	"Total"	"Domestic"	"Financial and insurance corporations"	"Central Bank"	"0"
"finnland"	"2001-04-01"	"Total"	"Domestic"	"Financial and insurance corporations"	"Other MFIs"	"5252"
"finnland"	"2001-04-01"	"Total"	"Domestic"	"Financial and insurance corporations"	"Money market funds"	"474"
"finnland"	"2001-04-01"	"Total"	"Domestic"	"Financial and insurance corporations"	"Insurance corporations and pension funds"	"6304"
"finnland"	"2001-04-01"	"Total"	"Domestic"	"Financial and insurance corporations"	"Others"	"1086"
"finnland"	"2001-04-01"	"Total"	"Domestic"	"General Government"	""	"9916"
"finnland"	"2001-04-01"	"Total"	"Domestic"	"Households"	""	"1408"
"finnland"	"2001-04-01"	"Total"	"Domestic"	"NPISHs"	""	"74"
"finnland"	"2001-04-01"	"Total"	"Rest of the world"	""	""	"36508"
"finnland"	"2001-07-01"	"Total"	"Domestic"	"Non-financial corporations"	""	"2534"
"finnland"	"2001-07-01"	"Total"	"Domestic"	"Financial and insurance corporations"	"Central Bank"	"0"
"finnland"	"2001-07-01"	"Total"	"Domestic"	"Financial and insurance corporations"	"Other MFIs"	"4840"
"finnland"	"2001-07-01"	"Total"	"Domestic"	"Financial and insurance corporations"	"Money market funds"	"545"
"finnland"	"2001-07-01"	"Total"	"Domestic"	"Financial and insurance corporations"	"Insurance corporations and pension funds"	"5975"
"finnland"	"2001-07-01"	"Total"	"Domestic"	"Financial and insurance corporations"	"Others"	"1108"
"finnland"	"2001-07-01"	"Total"	"Domestic"	"General Government"	""	"8958"
"finnland"	"2001-07-01"	"Total"	"Domestic"	"Households"	""	"1163"
"finnland"	"2001-07-01"	"Total"	"Domestic"	"NPISHs"	""	"83"
"finnland"	"2001-07-01"	"Total"	"Rest of the world"	""	""	"39287"
"finnland"	"2001-10-01"	"Total"	"Domestic"	"Non-financial corporations"	""	"2034"
"finnland"	"2001-10-01"	"Total"	"Domestic"	"Financial and insurance corporations"	"Central Bank"	"0"
"finnland"	"2001-10-01"	"Total"	"Domestic"	"Financial and insurance corporations"	"Other MFIs"	"5696"
"finnland"	"2001-10-01"	"Total"	"Domestic"	"Financial and insurance corporations"	"Money market funds"	"510"
"finnland"	"2001-10-01"	"Total"	"Domestic"	"Financial and insurance corporations"	"Insurance corporations and pension funds"	"5510"
"finnland"	"2001-10-01"	"Total"	"Domestic"	"Financial and insurance corporations"	"Others"	"1000"
"finnland"	"2001-10-01"	"Total"	"Domestic"	"General Government"	""	"8338"
"finnland"	"2001-10-01"	"Total"	"Domestic"	"Households"	""	"918"
"finnland"	"2001-10-01"	"Total"	"Domestic"	"NPISHs"	""	"93"
"finnland"	"2001-10-01"	"Total"	"Rest of the world"	""	""	"40291"
"finnland"	"2002-01-01"	"Total"	"Domestic"	"Non-financial corporations"	""	"2390"
"finnland"	"2002-01-01"	"Total"	"Domestic"	"Financial and insurance corporations"	"Central Bank"	"0"
"finnland"	"2002-01-01"	"Total"	"Domestic"	"Financial and insurance corporations"	"Other MFIs"	"3184"
"finnland"	"2002-01-01"	"Total"	"Domestic"	"Financial and insurance corporations"	"Money market funds"	"554"
"finnland"	"2002-01-01"	"Total"	"Domestic"	"Financial and insurance corporations"	"Insurance corporations and pension funds"	"3784"
"finnland"	"2002-01-01"	"Total"	"Domestic"	"Financial and insurance corporations"	"Others"	"1037"
"finnland"	"2002-01-01"	"Total"	"Domestic"	"General Government"	""	"7226"
"finnland"	"2002-01-01"	"Total"	"Domestic"	"Households"	""	"1267"
"finnland"	"2002-01-01"	"Total"	"Domestic"	"NPISHs"	""	"93"
"finnland"	"2002-01-01"	"Total"	"Rest of the world"	""	""	"40670"
"finnland"	"2002-04-01"	"Total"	"Domestic"	"Non-financial corporations"	""	"2204"
"finnland"	"2002-04-01"	"Total"	"Domestic"	"Financial and insurance corporations"	"Central Bank"	"0"
"finnland"	"2002-04-01"	"Total"	"Domestic"	"Financial and insurance corporations"	"Other MFIs"	"3007"
"finnland"	"2002-04-01"	"Total"	"Domestic"	"Financial and insurance corporations"	"Money market funds"	"547"
"finnland"	"2002-04-01"	"Total"	"Domestic"	"Financial and insurance corporations"	"Insurance corporations and pension funds"	"3390"
"finnland"	"2002-04-01"	"Total"	"Domestic"	"Financial and insurance corporations"	"Others"	"1086"
"finnland"	"2002-04-01"	"Total"	"Domestic"	"General Government"	""	"6599"
"finnland"	"2002-04-01"	"Total"	"Domestic"	"Households"	""	"1127"
"finnland"	"2002-04-01"	"Total"	"Domestic"	"NPISHs"	""	"93"
"finnland"	"2002-04-01"	"Total"	"Rest of the world"	""	""	"42360"
"finnland"	"2002-07-01"	"Total"	"Domestic"	"Non-financial corporations"	""	"1673"
"finnland"	"2002-07-01"	"Total"	"Domestic"	"Financial and insurance corporations"	"Central Bank"	"0"
"finnland"	"2002-07-01"	"Total"	"Domestic"	"Financial and insurance corporations"	"Other MFIs"	"3010"
"finnland"	"2002-07-01"	"Total"	"Domestic"	"Financial and insurance corporations"	"Money market funds"	"575"
"finnland"	"2002-07-01"	"Total"	"Domestic"	"Financial and insurance corporations"	"Insurance corporations and pension funds"	"2312"
"finnland"	"2002-07-01"	"Total"	"Domestic"	"Financial and insurance corporations"	"Others"	"1134"
"finnland"	"2002-07-01"	"Total"	"Domestic"	"General Government"	""	"6831"
"finnland"	"2002-07-01"	"Total"	"Domestic"	"Households"	""	"716"
"finnland"	"2002-07-01"	"Total"	"Domestic"	"NPISHs"	""	"93"
"finnland"	"2002-07-01"	"Total"	"Rest of the world"	""	""	"46319"
"finnland"	"2002-10-01"	"Total"	"Domestic"	"Non-financial corporations"	""	"1155"
"finnland"	"2002-10-01"	"Total"	"Domestic"	"Financial and insurance corporations"	"Central Bank"	"0"
"finnland"	"2002-10-01"	"Total"	"Domestic"	"Financial and insurance corporations"	"Other MFIs"	"2464"
"finnland"	"2002-10-01"	"Total"	"Domestic"	"Financial and insurance corporations"	"Money market funds"	"342"
"finnland"	"2002-10-01"	"Total"	"Domestic"	"Financial and insurance corporations"	"Insurance corporations and pension funds"	"3704"
"finnland"	"2002-10-01"	"Total"	"Domestic"	"Financial and insurance corporations"	"Others"	"922"
"finnland"	"2002-10-01"	"Total"	"Domestic"	"General Government"	""	"5974"
"finnland"	"2002-10-01"	"Total"	"Domestic"	"Households"	""	"325"
"finnland"	"2002-10-01"	"Total"	"Domestic"	"NPISHs"	""	"91"
"finnland"	"2002-10-01"	"Total"	"Rest of the world"	""	""	"47523"
"finnland"	"2003-01-01"	"Total"	"Domestic"	"Non-financial corporations"	""	"1798"
"finnland"	"2003-01-01"	"Total"	"Domestic"	"Financial and insurance corporations"	"Central Bank"	"0"
"finnland"	"2003-01-01"	"Total"	"Domestic"	"Financial and insurance corporations"	"Other MFIs"	"2429"
"finnland"	"2003-01-01"	"Total"	"Domestic"	"Financial and insurance corporations"	"Money market funds"	"451"
"finnland"	"2003-01-01"	"Total"	"Domestic"	"Financial and insurance corporations"	"Insurance corporations and pension funds"	"3099"
"finnland"	"2003-01-01"	"Total"	"Domestic"	"Financial and insurance corporations"	"Others"	"1015"
"finnland"	"2003-01-01"	"Total"	"Domestic"	"General Government"	""	"5970"
"finnland"	"2003-01-01"	"Total"	"Domestic"	"Households"	""	"605"
"finnland"	"2003-01-01"	"Total"	"Domestic"	"NPISHs"	""	"91"
"finnland"	"2003-01-01"	"Total"	"Rest of the world"	""	""	"48799"
"finnland"	"2003-04-01"	"Total"	"Domestic"	"Non-financial corporations"	""	"1639"
"finnland"	"2003-04-01"	"Total"	"Domestic"	"Financial and insurance corporations"	"Central Bank"	"0"
"finnland"	"2003-04-01"	"Total"	"Domestic"	"Financial and insurance corporations"	"Other MFIs"	"2444"
"finnland"	"2003-04-01"	"Total"	"Domestic"	"Financial and insurance corporations"	"Money market funds"	"504"
"finnland"	"2003-04-01"	"Total"	"Domestic"	"Financial and insurance corporations"	"Insurance corporations and pension funds"	"3137"
"finnland"	"2003-04-01"	"Total"	"Domestic"	"Financial and insurance corporations"	"Others"	"1035"
"finnland"	"2003-04-01"	"Total"	"Domestic"	"General Government"	""	"5744"
"finnland"	"2003-04-01"	"Total"	"Domestic"	"Households"	""	"494"
"finnland"	"2003-04-01"	"Total"	"Domestic"	"NPISHs"	""	"91"
"finnland"	"2003-04-01"	"Total"	"Rest of the world"	""	""	"51456"
"finnland"	"2003-07-01"	"Total"	"Domestic"	"Non-financial corporations"	""	"929"
"finnland"	"2003-07-01"	"Total"	"Domestic"	"Financial and insurance corporations"	"Central Bank"	"0"
"finnland"	"2003-07-01"	"Total"	"Domestic"	"Financial and insurance corporations"	"Other MFIs"	"2475"
"finnland"	"2003-07-01"	"Total"	"Domestic"	"Financial and insurance corporations"	"Money market funds"	"327"
"finnland"	"2003-07-01"	"Total"	"Domestic"	"Financial and insurance corporations"	"Insurance corporations and pension funds"	"3203"
"finnland"	"2003-07-01"	"Total"	"Domestic"	"Financial and insurance corporations"	"Others"	"805"
"finnland"	"2003-07-01"	"Total"	"Domestic"	"General Government"	""	"6292"
"finnland"	"2003-07-01"	"Total"	"Domestic"	"Households"	""	"327"
"finnland"	"2003-07-01"	"Total"	"Domestic"	"NPISHs"	""	"91"
"finnland"	"2003-07-01"	"Total"	"Rest of the world"	""	""	"50321"
"finnland"	"2003-10-01"	"Total"	"Domestic"	"Non-financial corporations"	""	"1281"
"finnland"	"2003-10-01"	"Total"	"Domestic"	"Financial and insurance corporations"	"Central Bank"	"0"
"finnland"	"2003-10-01"	"Total"	"Domestic"	"Financial and insurance corporations"	"Other MFIs"	"2070"
"finnland"	"2003-10-01"	"Total"	"Domestic"	"Financial and insurance corporations"	"Money market funds"	"409"
"finnland"	"2003-10-01"	"Total"	"Domestic"	"Financial and insurance corporations"	"Insurance corporations and pension funds"	"3017"
"finnland"	"2003-10-01"	"Total"	"Domestic"	"Financial and insurance corporations"	"Others"	"919"
"finnland"	"2003-10-01"	"Total"	"Domestic"	"General Government"	""	"5794"
"finnland"	"2003-10-01"	"Total"	"Domestic"	"Households"	""	"617"
"finnland"	"2003-10-01"	"Total"	"Domestic"	"NPISHs"	""	"86"
"finnland"	"2003-10-01"	"Total"	"Rest of the world"	""	""	"47700"
"finnland"	"2004-01-01"	"Total"	"Domestic"	"Non-financial corporations"	""	"1165"
"finnland"	"2004-01-01"	"Total"	"Domestic"	"Financial and insurance corporations"	"Central Bank"	"0"
"finnland"	"2004-01-01"	"Total"	"Domestic"	"Financial and insurance corporations"	"Other MFIs"	"1892"
"finnland"	"2004-01-01"	"Total"	"Domestic"	"Financial and insurance corporations"	"Money market funds"	"433"
"finnland"	"2004-01-01"	"Total"	"Domestic"	"Financial and insurance corporations"	"Insurance corporations and pension funds"	"2656"
"finnland"	"2004-01-01"	"Total"	"Domestic"	"Financial and insurance corporations"	"Others"	"943"
"finnland"	"2004-01-01"	"Total"	"Domestic"	"General Government"	""	"3958"
"finnland"	"2004-01-01"	"Total"	"Domestic"	"Households"	""	"538"
"finnland"	"2004-01-01"	"Total"	"Domestic"	"NPISHs"	""	"86"
"finnland"	"2004-01-01"	"Total"	"Rest of the world"	""	""	"48203"
"finnland"	"2004-04-01"	"Total"	"Domestic"	"Non-financial corporations"	""	"1061"
"finnland"	"2004-04-01"	"Total"	"Domestic"	"Financial and insurance corporations"	"Central Bank"	"0"
"finnland"	"2004-04-01"	"Total"	"Domestic"	"Financial and insurance corporations"	"Other MFIs"	"1974"
"finnland"	"2004-04-01"	"Total"	"Domestic"	"Financial and insurance corporations"	"Money market funds"	"359"
"finnland"	"2004-04-01"	"Total"	"Domestic"	"Financial and insurance corporations"	"Insurance corporations and pension funds"	"2534"
"finnland"	"2004-04-01"	"Total"	"Domestic"	"Financial and insurance corporations"	"Others"	"922"
"finnland"	"2004-04-01"	"Total"	"Domestic"	"General Government"	""	"4267"
"finnland"	"2004-04-01"	"Total"	"Domestic"	"Households"	""	"548"
"finnland"	"2004-04-01"	"Total"	"Domestic"	"NPISHs"	""	"86"
"finnland"	"2004-04-01"	"Total"	"Rest of the world"	""	""	"49678"
"finnland"	"2004-07-01"	"Total"	"Domestic"	"Non-financial corporations"	""	"986"
"finnland"	"2004-07-01"	"Total"	"Domestic"	"Financial and insurance corporations"	"Central Bank"	"0"
"finnland"	"2004-07-01"	"Total"	"Domestic"	"Financial and insurance corporations"	"Other MFIs"	"1949"
"finnland"	"2004-07-01"	"Total"	"Domestic"	"Financial and insurance corporations"	"Money market funds"	"366"
"finnland"	"2004-07-01"	"Total"	"Domestic"	"Financial and insurance corporations"	"Insurance corporations and pension funds"	"2500"
"finnland"	"2004-07-01"	"Total"	"Domestic"	"Financial and insurance corporations"	"Others"	"924"
"finnland"	"2004-07-01"	"Total"	"Domestic"	"General Government"	""	"4129"
"finnland"	"2004-07-01"	"Total"	"Domestic"	"Households"	""	"311"
"finnland"	"2004-07-01"	"Total"	"Domestic"	"NPISHs"	""	"86"
"finnland"	"2004-07-01"	"Total"	"Rest of the world"	""	""	"51665"
"finnland"	"2004-10-01"	"Total"	"Domestic"	"Non-financial corporations"	""	"1063"
"finnland"	"2004-10-01"	"Total"	"Domestic"	"Financial and insurance corporations"	"Central Bank"	"0"
"finnland"	"2004-10-01"	"Total"	"Domestic"	"Financial and insurance corporations"	"Other MFIs"	"1488"
"finnland"	"2004-10-01"	"Total"	"Domestic"	"Financial and insurance corporations"	"Money market funds"	"210"
"finnland"	"2004-10-01"	"Total"	"Domestic"	"Financial and insurance corporations"	"Insurance corporations and pension funds"	"2472"
"finnland"	"2004-10-01"	"Total"	"Domestic"	"Financial and insurance corporations"	"Others"	"718"
"finnland"	"2004-10-01"	"Total"	"Domestic"	"General Government"	""	"4450"
"finnland"	"2004-10-01"	"Total"	"Domestic"	"Households"	""	"370"
"finnland"	"2004-10-01"	"Total"	"Domestic"	"NPISHs"	""	"62"
"finnland"	"2004-10-01"	"Total"	"Rest of the world"	""	""	"53371"
"finnland"	"2005-01-01"	"Total"	"Domestic"	"Non-financial corporations"	""	"1041"
"finnland"	"2005-01-01"	"Total"	"Domestic"	"Financial and insurance corporations"	"Central Bank"	"0"
"finnland"	"2005-01-01"	"Total"	"Domestic"	"Financial and insurance corporations"	"Other MFIs"	"1526"
"finnland"	"2005-01-01"	"Total"	"Domestic"	"Financial and insurance corporations"	"Money market funds"	"184"
"finnland"	"2005-01-01"	"Total"	"Domestic"	"Financial and insurance corporations"	"Insurance corporations and pension funds"	"2467"
"finnland"	"2005-01-01"	"Total"	"Domestic"	"Financial and insurance corporations"	"Others"	"706"
"finnland"	"2005-01-01"	"Total"	"Domestic"	"General Government"	""	"4411"
"finnland"	"2005-01-01"	"Total"	"Domestic"	"Households"	""	"431"
"finnland"	"2005-01-01"	"Total"	"Domestic"	"NPISHs"	""	"62"
"finnland"	"2005-01-01"	"Total"	"Rest of the world"	""	""	"48630"
"finnland"	"2005-04-01"	"Total"	"Domestic"	"Non-financial corporations"	""	"558"
"finnland"	"2005-04-01"	"Total"	"Domestic"	"Financial and insurance corporations"	"Central Bank"	"0"
"finnland"	"2005-04-01"	"Total"	"Domestic"	"Financial and insurance corporations"	"Other MFIs"	"1500"
"finnland"	"2005-04-01"	"Total"	"Domestic"	"Financial and insurance corporations"	"Money market funds"	"116"
"finnland"	"2005-04-01"	"Total"	"Domestic"	"Financial and insurance corporations"	"Insurance corporations and pension funds"	"2500"
"finnland"	"2005-04-01"	"Total"	"Domestic"	"Financial and insurance corporations"	"Others"	"764"
"finnland"	"2005-04-01"	"Total"	"Domestic"	"General Government"	""	"4460"
"finnland"	"2005-04-01"	"Total"	"Domestic"	"Households"	""	"199"
"finnland"	"2005-04-01"	"Total"	"Domestic"	"NPISHs"	""	"62"
"finnland"	"2005-04-01"	"Total"	"Rest of the world"	""	""	"51179"
"finnland"	"2005-07-01"	"Total"	"Domestic"	"Non-financial corporations"	""	"1364"
"finnland"	"2005-07-01"	"Total"	"Domestic"	"Financial and insurance corporations"	"Central Bank"	"0"
"finnland"	"2005-07-01"	"Total"	"Domestic"	"Financial and insurance corporations"	"Other MFIs"	"1588"
"finnland"	"2005-07-01"	"Total"	"Domestic"	"Financial and insurance corporations"	"Money market funds"	"113"
"finnland"	"2005-07-01"	"Total"	"Domestic"	"Financial and insurance corporations"	"Insurance corporations and pension funds"	"2495"
"finnland"	"2005-07-01"	"Total"	"Domestic"	"Financial and insurance corporations"	"Others"	"758"
"finnland"	"2005-07-01"	"Total"	"Domestic"	"General Government"	""	"4446"
"finnland"	"2005-07-01"	"Total"	"Domestic"	"Households"	""	"685"
"finnland"	"2005-07-01"	"Total"	"Domestic"	"NPISHs"	""	"62"
"finnland"	"2005-07-01"	"Total"	"Rest of the world"	""	""	"48539"
"finnland"	"2005-10-01"	"Total"	"Domestic"	"Non-financial corporations"	""	"1611"
"finnland"	"2005-10-01"	"Total"	"Domestic"	"Financial and insurance corporations"	"Central Bank"	"0"
"finnland"	"2005-10-01"	"Total"	"Domestic"	"Financial and insurance corporations"	"Other MFIs"	"1848"
"finnland"	"2005-10-01"	"Total"	"Domestic"	"Financial and insurance corporations"	"Money market funds"	"181"
"finnland"	"2005-10-01"	"Total"	"Domestic"	"Financial and insurance corporations"	"Insurance corporations and pension funds"	"2166"
"finnland"	"2005-10-01"	"Total"	"Domestic"	"Financial and insurance corporations"	"Others"	"835"
"finnland"	"2005-10-01"	"Total"	"Domestic"	"General Government"	""	"4092"
"finnland"	"2005-10-01"	"Total"	"Domestic"	"Households"	""	"568"
"finnland"	"2005-10-01"	"Total"	"Domestic"	"NPISHs"	""	"57"
"finnland"	"2005-10-01"	"Total"	"Rest of the world"	""	""	"50462"
"finnland"	"2006-01-01"	"Total"	"Domestic"	"Non-financial corporations"	""	"362"
"finnland"	"2006-01-01"	"Total"	"Domestic"	"Financial and insurance corporations"	"Central Bank"	"0"
"finnland"	"2006-01-01"	"Total"	"Domestic"	"Financial and insurance corporations"	"Other MFIs"	"1625"
"finnland"	"2006-01-01"	"Total"	"Domestic"	"Financial and insurance corporations"	"Money market funds"	"104"
"finnland"	"2006-01-01"	"Total"	"Domestic"	"Financial and insurance corporations"	"Insurance corporations and pension funds"	"2195"
"finnland"	"2006-01-01"	"Total"	"Domestic"	"Financial and insurance corporations"	"Others"	"854"
"finnland"	"2006-01-01"	"Total"	"Domestic"	"General Government"	""	"3793"
"finnland"	"2006-01-01"	"Total"	"Domestic"	"Households"	""	"68"
"finnland"	"2006-01-01"	"Total"	"Domestic"	"NPISHs"	""	"57"
"finnland"	"2006-01-01"	"Total"	"Rest of the world"	""	""	"47302"
"finnland"	"2006-04-01"	"Total"	"Domestic"	"Non-financial corporations"	""	"206"
"finnland"	"2006-04-01"	"Total"	"Domestic"	"Financial and insurance corporations"	"Central Bank"	"0"
"finnland"	"2006-04-01"	"Total"	"Domestic"	"Financial and insurance corporations"	"Other MFIs"	"1596"
"finnland"	"2006-04-01"	"Total"	"Domestic"	"Financial and insurance corporations"	"Money market funds"	"103"
"finnland"	"2006-04-01"	"Total"	"Domestic"	"Financial and insurance corporations"	"Insurance corporations and pension funds"	"2115"
"finnland"	"2006-04-01"	"Total"	"Domestic"	"Financial and insurance corporations"	"Others"	"633"
"finnland"	"2006-04-01"	"Total"	"Domestic"	"General Government"	""	"3509"
"finnland"	"2006-04-01"	"Total"	"Domestic"	"Households"	""	"9"
"finnland"	"2006-04-01"	"Total"	"Domestic"	"NPISHs"	""	"57"
"finnland"	"2006-04-01"	"Total"	"Rest of the world"	""	""	"51538"
"finnland"	"2006-07-01"	"Total"	"Domestic"	"Non-financial corporations"	""	"715"
"finnland"	"2006-07-01"	"Total"	"Domestic"	"Financial and insurance corporations"	"Central Bank"	"145"
"finnland"	"2006-07-01"	"Total"	"Domestic"	"Financial and insurance corporations"	"Other MFIs"	"1642"
"finnland"	"2006-07-01"	"Total"	"Domestic"	"Financial and insurance corporations"	"Money market funds"	"77"
"finnland"	"2006-07-01"	"Total"	"Domestic"	"Financial and insurance corporations"	"Insurance corporations and pension funds"	"2123"
"finnland"	"2006-07-01"	"Total"	"Domestic"	"Financial and insurance corporations"	"Others"	"550"
"finnland"	"2006-07-01"	"Total"	"Domestic"	"General Government"	""	"3417"
"finnland"	"2006-07-01"	"Total"	"Domestic"	"Households"	""	"214"
"finnland"	"2006-07-01"	"Total"	"Domestic"	"NPISHs"	""	"57"
"finnland"	"2006-07-01"	"Total"	"Rest of the world"	""	""	"46324"
"finnland"	"2006-10-01"	"Total"	"Domestic"	"Non-financial corporations"	""	"1152"
"finnland"	"2006-10-01"	"Total"	"Domestic"	"Financial and insurance corporations"	"Central Bank"	"311"
"finnland"	"2006-10-01"	"Total"	"Domestic"	"Financial and insurance corporations"	"Other MFIs"	"1534"
"finnland"	"2006-10-01"	"Total"	"Domestic"	"Financial and insurance corporations"	"Money market funds"	"72"
"finnland"	"2006-10-01"	"Total"	"Domestic"	"Financial and insurance corporations"	"Insurance corporations and pension funds"	"1905"
"finnland"	"2006-10-01"	"Total"	"Domestic"	"Financial and insurance corporations"	"Others"	"554"
"finnland"	"2006-10-01"	"Total"	"Domestic"	"General Government"	""	"3237"
"finnland"	"2006-10-01"	"Total"	"Domestic"	"Households"	""	"535"
"finnland"	"2006-10-01"	"Total"	"Domestic"	"NPISHs"	""	"45"
"finnland"	"2006-10-01"	"Total"	"Rest of the world"	""	""	"50072"
"finnland"	"2007-01-01"	"Total"	"Domestic"	"Non-financial corporations"	""	"1482"
"finnland"	"2007-01-01"	"Total"	"Domestic"	"Financial and insurance corporations"	"Central Bank"	"325"
"finnland"	"2007-01-01"	"Total"	"Domestic"	"Financial and insurance corporations"	"Other MFIs"	"1545"
"finnland"	"2007-01-01"	"Total"	"Domestic"	"Financial and insurance corporations"	"Money market funds"	"60"
"finnland"	"2007-01-01"	"Total"	"Domestic"	"Financial and insurance corporations"	"Insurance corporations and pension funds"	"1860"
"finnland"	"2007-01-01"	"Total"	"Domestic"	"Financial and insurance corporations"	"Others"	"511"
"finnland"	"2007-01-01"	"Total"	"Domestic"	"General Government"	""	"2727"
"finnland"	"2007-01-01"	"Total"	"Domestic"	"Households"	""	"707"
"finnland"	"2007-01-01"	"Total"	"Domestic"	"NPISHs"	""	"45"
"finnland"	"2007-01-01"	"Total"	"Rest of the world"	""	""	"46266"
"finnland"	"2007-04-01"	"Total"	"Domestic"	"Non-financial corporations"	""	"1394"
"finnland"	"2007-04-01"	"Total"	"Domestic"	"Financial and insurance corporations"	"Central Bank"	"394"
"finnland"	"2007-04-01"	"Total"	"Domestic"	"Financial and insurance corporations"	"Other MFIs"	"1546"
"finnland"	"2007-04-01"	"Total"	"Domestic"	"Financial and insurance corporations"	"Money market funds"	"54"
"finnland"	"2007-04-01"	"Total"	"Domestic"	"Financial and insurance corporations"	"Insurance corporations and pension funds"	"1860"
"finnland"	"2007-04-01"	"Total"	"Domestic"	"Financial and insurance corporations"	"Others"	"727"
"finnland"	"2007-04-01"	"Total"	"Domestic"	"General Government"	""	"3012"
"finnland"	"2007-04-01"	"Total"	"Domestic"	"Households"	""	"733"
"finnland"	"2007-04-01"	"Total"	"Domestic"	"NPISHs"	""	"45"
"finnland"	"2007-04-01"	"Total"	"Rest of the world"	""	""	"46821"
"finnland"	"2007-07-01"	"Total"	"Domestic"	"Non-financial corporations"	""	"1371"
"finnland"	"2007-07-01"	"Total"	"Domestic"	"Financial and insurance corporations"	"Central Bank"	"398"
"finnland"	"2007-07-01"	"Total"	"Domestic"	"Financial and insurance corporations"	"Other MFIs"	"1520"
"finnland"	"2007-07-01"	"Total"	"Domestic"	"Financial and insurance corporations"	"Money market funds"	"83"
"finnland"	"2007-07-01"	"Total"	"Domestic"	"Financial and insurance corporations"	"Insurance corporations and pension funds"	"1809"
"finnland"	"2007-07-01"	"Total"	"Domestic"	"Financial and insurance corporations"	"Others"	"646"
"finnland"	"2007-07-01"	"Total"	"Domestic"	"General Government"	""	"3101"
"finnland"	"2007-07-01"	"Total"	"Domestic"	"Households"	""	"569"
"finnland"	"2007-07-01"	"Total"	"Domestic"	"NPISHs"	""	"45"
"finnland"	"2007-07-01"	"Total"	"Rest of the world"	""	""	"42845"
"finnland"	"2007-10-01"	"Total"	"Domestic"	"Non-financial corporations"	""	"585"
"finnland"	"2007-10-01"	"Total"	"Domestic"	"Financial and insurance corporations"	"Central Bank"	"420"
"finnland"	"2007-10-01"	"Total"	"Domestic"	"Financial and insurance corporations"	"Other MFIs"	"1438"
"finnland"	"2007-10-01"	"Total"	"Domestic"	"Financial and insurance corporations"	"Money market funds"	"61"
"finnland"	"2007-10-01"	"Total"	"Domestic"	"Financial and insurance corporations"	"Insurance corporations and pension funds"	"1540"
"finnland"	"2007-10-01"	"Total"	"Domestic"	"Financial and insurance corporations"	"Others"	"648"
"finnland"	"2007-10-01"	"Total"	"Domestic"	"General Government"	""	"3510"
"finnland"	"2007-10-01"	"Total"	"Domestic"	"Households"	""	"206"
"finnland"	"2007-10-01"	"Total"	"Domestic"	"NPISHs"	""	"5"
"finnland"	"2007-10-01"	"Total"	"Rest of the world"	""	""	"47860"
"finnland"	"2008-01-01"	"Total"	"Domestic"	"Non-financial corporations"	""	"278"
"finnland"	"2008-01-01"	"Total"	"Domestic"	"Financial and insurance corporations"	"Central Bank"	"424"
"finnland"	"2008-01-01"	"Total"	"Domestic"	"Financial and insurance corporations"	"Other MFIs"	"1554"
"finnland"	"2008-01-01"	"Total"	"Domestic"	"Financial and insurance corporations"	"Money market funds"	"57"
"finnland"	"2008-01-01"	"Total"	"Domestic"	"Financial and insurance corporations"	"Insurance corporations and pension funds"	"1670"
"finnland"	"2008-01-01"	"Total"	"Domestic"	"Financial and insurance corporations"	"Others"	"690"
"finnland"	"2008-01-01"	"Total"	"Domestic"	"General Government"	""	"3615"
"finnland"	"2008-01-01"	"Total"	"Domestic"	"Households"	""	"209"
"finnland"	"2008-01-01"	"Total"	"Domestic"	"NPISHs"	""	"5"
"finnland"	"2008-01-01"	"Total"	"Rest of the world"	""	""	"46229"
"finnland"	"2008-04-01"	"Total"	"Domestic"	"Non-financial corporations"	""	"152"
"finnland"	"2008-04-01"	"Total"	"Domestic"	"Financial and insurance corporations"	"Central Bank"	"414"
"finnland"	"2008-04-01"	"Total"	"Domestic"	"Financial and insurance corporations"	"Other MFIs"	"1461"
"finnland"	"2008-04-01"	"Total"	"Domestic"	"Financial and insurance corporations"	"Money market funds"	"65"
"finnland"	"2008-04-01"	"Total"	"Domestic"	"Financial and insurance corporations"	"Insurance corporations and pension funds"	"1674"
"finnland"	"2008-04-01"	"Total"	"Domestic"	"Financial and insurance corporations"	"Others"	"639"
"finnland"	"2008-04-01"	"Total"	"Domestic"	"General Government"	""	"3618"
"finnland"	"2008-04-01"	"Total"	"Domestic"	"Households"	""	"215"
"finnland"	"2008-04-01"	"Total"	"Domestic"	"NPISHs"	""	"5"
"finnland"	"2008-04-01"	"Total"	"Rest of the world"	""	""	"46232"
"finnland"	"2008-07-01"	"Total"	"Domestic"	"Non-financial corporations"	""	"81"
"finnland"	"2008-07-01"	"Total"	"Domestic"	"Financial and insurance corporations"	"Central Bank"	"342"
"finnland"	"2008-07-01"	"Total"	"Domestic"	"Financial and insurance corporations"	"Other MFIs"	"1531"
"finnland"	"2008-07-01"	"Total"	"Domestic"	"Financial and insurance corporations"	"Money market funds"	"75"
"finnland"	"2008-07-01"	"Total"	"Domestic"	"Financial and insurance corporations"	"Insurance corporations and pension funds"	"1664"
"finnland"	"2008-07-01"	"Total"	"Domestic"	"Financial and insurance corporations"	"Others"	"549"
"finnland"	"2008-07-01"	"Total"	"Domestic"	"General Government"	""	"3360"
"finnland"	"2008-07-01"	"Total"	"Domestic"	"Households"	""	"192"
"finnland"	"2008-07-01"	"Total"	"Domestic"	"NPISHs"	""	"5"
"finnland"	"2008-07-01"	"Total"	"Rest of the world"	""	""	"40645"
"finnland"	"2008-10-01"	"Total"	"Domestic"	"Non-financial corporations"	""	"562"
"finnland"	"2008-10-01"	"Total"	"Domestic"	"Financial and insurance corporations"	"Central Bank"	"405"
"finnland"	"2008-10-01"	"Total"	"Domestic"	"Financial and insurance corporations"	"Other MFIs"	"1289"
"finnland"	"2008-10-01"	"Total"	"Domestic"	"Financial and insurance corporations"	"Money market funds"	"180"
"finnland"	"2008-10-01"	"Total"	"Domestic"	"Financial and insurance corporations"	"Insurance corporations and pension funds"	"1840"
"finnland"	"2008-10-01"	"Total"	"Domestic"	"Financial and insurance corporations"	"Others"	"660"
"finnland"	"2008-10-01"	"Total"	"Domestic"	"General Government"	""	"3375"
"finnland"	"2008-10-01"	"Total"	"Domestic"	"Households"	""	"236"
"finnland"	"2008-10-01"	"Total"	"Domestic"	"NPISHs"	""	"23"
"finnland"	"2008-10-01"	"Total"	"Rest of the world"	""	""	"47872"
"finnland"	"2009-01-01"	"Total"	"Domestic"	"Non-financial corporations"	""	"574"
"finnland"	"2009-01-01"	"Total"	"Domestic"	"Financial and insurance corporations"	"Central Bank"	"479"
"finnland"	"2009-01-01"	"Total"	"Domestic"	"Financial and insurance corporations"	"Other MFIs"	"1320"
"finnland"	"2009-01-01"	"Total"	"Domestic"	"Financial and insurance corporations"	"Money market funds"	"325"
"finnland"	"2009-01-01"	"Total"	"Domestic"	"Financial and insurance corporations"	"Insurance corporations and pension funds"	"1840"
"finnland"	"2009-01-01"	"Total"	"Domestic"	"Financial and insurance corporations"	"Others"	"629"
"finnland"	"2009-01-01"	"Total"	"Domestic"	"General Government"	""	"3866"
"finnland"	"2009-01-01"	"Total"	"Domestic"	"Households"	""	"191"
"finnland"	"2009-01-01"	"Total"	"Domestic"	"NPISHs"	""	"90"
"finnland"	"2009-01-01"	"Total"	"Rest of the world"	""	""	"54827"
"finnland"	"2009-04-01"	"Total"	"Domestic"	"Non-financial corporations"	""	"385"
"finnland"	"2009-04-01"	"Total"	"Domestic"	"Financial and insurance corporations"	"Central Bank"	"442"
"finnland"	"2009-04-01"	"Total"	"Domestic"	"Financial and insurance corporations"	"Other MFIs"	"1465"
"finnland"	"2009-04-01"	"Total"	"Domestic"	"Financial and insurance corporations"	"Money market funds"	"385"
"finnland"	"2009-04-01"	"Total"	"Domestic"	"Financial and insurance corporations"	"Insurance corporations and pension funds"	"1794"
"finnland"	"2009-04-01"	"Total"	"Domestic"	"Financial and insurance corporations"	"Others"	"554"
"finnland"	"2009-04-01"	"Total"	"Domestic"	"General Government"	""	"3501"
"finnland"	"2009-04-01"	"Total"	"Domestic"	"Households"	""	"146"
"finnland"	"2009-04-01"	"Total"	"Domestic"	"NPISHs"	""	"157"
"finnland"	"2009-04-01"	"Total"	"Rest of the world"	""	""	"47298"
"finnland"	"2009-07-01"	"Total"	"Domestic"	"Non-financial corporations"	""	"842"
"finnland"	"2009-07-01"	"Total"	"Domestic"	"Financial and insurance corporations"	"Central Bank"	"442"
"finnland"	"2009-07-01"	"Total"	"Domestic"	"Financial and insurance corporations"	"Other MFIs"	"1382"
"finnland"	"2009-07-01"	"Total"	"Domestic"	"Financial and insurance corporations"	"Money market funds"	"210"
"finnland"	"2009-07-01"	"Total"	"Domestic"	"Financial and insurance corporations"	"Insurance corporations and pension funds"	"1709"
"finnland"	"2009-07-01"	"Total"	"Domestic"	"Financial and insurance corporations"	"Others"	"548"
"finnland"	"2009-07-01"	"Total"	"Domestic"	"General Government"	""	"2956"
"finnland"	"2009-07-01"	"Total"	"Domestic"	"Households"	""	"101"
"finnland"	"2009-07-01"	"Total"	"Domestic"	"NPISHs"	""	"223"
"finnland"	"2009-07-01"	"Total"	"Rest of the world"	""	""	"53365"
"finnland"	"2009-10-01"	"Total"	"Domestic"	"Non-financial corporations"	""	"653"
"finnland"	"2009-10-01"	"Total"	"Domestic"	"Financial and insurance corporations"	"Central Bank"	"420"
"finnland"	"2009-10-01"	"Total"	"Domestic"	"Financial and insurance corporations"	"Other MFIs"	"1364"
"finnland"	"2009-10-01"	"Total"	"Domestic"	"Financial and insurance corporations"	"Money market funds"	"231"
"finnland"	"2009-10-01"	"Total"	"Domestic"	"Financial and insurance corporations"	"Insurance corporations and pension funds"	"1649"
"finnland"	"2009-10-01"	"Total"	"Domestic"	"Financial and insurance corporations"	"Others"	"513"
"finnland"	"2009-10-01"	"Total"	"Domestic"	"General Government"	""	"2844"
"finnland"	"2009-10-01"	"Total"	"Domestic"	"Households"	""	"56"
"finnland"	"2009-10-01"	"Total"	"Domestic"	"NPISHs"	""	"300"
"finnland"	"2009-10-01"	"Total"	"Rest of the world"	""	""	"59210"
"finnland"	"2010-01-01"	"Total"	"Domestic"	"Non-financial corporations"	""	"711"
"finnland"	"2010-01-01"	"Total"	"Domestic"	"Financial and insurance corporations"	"Central Bank"	"358"
"finnland"	"2010-01-01"	"Total"	"Domestic"	"Financial and insurance corporations"	"Other MFIs"	"1562"
"finnland"	"2010-01-01"	"Total"	"Domestic"	"Financial and insurance corporations"	"Money market funds"	"238"
"finnland"	"2010-01-01"	"Total"	"Domestic"	"Financial and insurance corporations"	"Insurance corporations and pension funds"	"1368"
"finnland"	"2010-01-01"	"Total"	"Domestic"	"Financial and insurance corporations"	"Others"	"415"
"finnland"	"2010-01-01"	"Total"	"Domestic"	"General Government"	""	"2653"
"finnland"	"2010-01-01"	"Total"	"Domestic"	"Households"	""	"63"
"finnland"	"2010-01-01"	"Total"	"Domestic"	"NPISHs"	""	"312"
"finnland"	"2010-01-01"	"Total"	"Rest of the world"	""	""	"63288"
"finnland"	"2010-04-01"	"Total"	"Domestic"	"Non-financial corporations"	""	"727"
"finnland"	"2010-04-01"	"Total"	"Domestic"	"Financial and insurance corporations"	"Central Bank"	"310"
"finnland"	"2010-04-01"	"Total"	"Domestic"	"Financial and insurance corporations"	"Other MFIs"	"1445"
"finnland"	"2010-04-01"	"Total"	"Domestic"	"Financial and insurance corporations"	"Money market funds"	"264"
"finnland"	"2010-04-01"	"Total"	"Domestic"	"Financial and insurance corporations"	"Insurance corporations and pension funds"	"1326"
"finnland"	"2010-04-01"	"Total"	"Domestic"	"Financial and insurance corporations"	"Others"	"394"
"finnland"	"2010-04-01"	"Total"	"Domestic"	"General Government"	""	"2660"
"finnland"	"2010-04-01"	"Total"	"Domestic"	"Households"	""	"70"
"finnland"	"2010-04-01"	"Total"	"Domestic"	"NPISHs"	""	"312"
"finnland"	"2010-04-01"	"Total"	"Rest of the world"	""	""	"69763"
"finnland"	"2010-07-01"	"Total"	"Domestic"	"Non-financial corporations"	""	"861"
"finnland"	"2010-07-01"	"Total"	"Domestic"	"Financial and insurance corporations"	"Central Bank"	"242"
"finnland"	"2010-07-01"	"Total"	"Domestic"	"Financial and insurance corporations"	"Other MFIs"	"2566"
"finnland"	"2010-07-01"	"Total"	"Domestic"	"Financial and insurance corporations"	"Money market funds"	"241"
"finnland"	"2010-07-01"	"Total"	"Domestic"	"Financial and insurance corporations"	"Insurance corporations and pension funds"	"1163"
"finnland"	"2010-07-01"	"Total"	"Domestic"	"Financial and insurance corporations"	"Others"	"337"
"finnland"	"2010-07-01"	"Total"	"Domestic"	"General Government"	""	"2696"
"finnland"	"2010-07-01"	"Total"	"Domestic"	"Households"	""	"67"
"finnland"	"2010-07-01"	"Total"	"Domestic"	"NPISHs"	""	"312"
"finnland"	"2010-07-01"	"Total"	"Rest of the world"	""	""	"68415"
"finnland"	"2010-10-01"	"Total"	"Domestic"	"Non-financial corporations"	""	"775"
"finnland"	"2010-10-01"	"Total"	"Domestic"	"Financial and insurance corporations"	"Central Bank"	"242"
"finnland"	"2010-10-01"	"Total"	"Domestic"	"Financial and insurance corporations"	"Other MFIs"	"2964"
"finnland"	"2010-10-01"	"Total"	"Domestic"	"Financial and insurance corporations"	"Money market funds"	"267"
"finnland"	"2010-10-01"	"Total"	"Domestic"	"Financial and insurance corporations"	"Insurance corporations and pension funds"	"1155"
"finnland"	"2010-10-01"	"Total"	"Domestic"	"Financial and insurance corporations"	"Others"	"350"
"finnland"	"2010-10-01"	"Total"	"Domestic"	"General Government"	""	"2569"
"finnland"	"2010-10-01"	"Total"	"Domestic"	"Households"	""	"19"
"finnland"	"2010-10-01"	"Total"	"Domestic"	"NPISHs"	""	"312"
"finnland"	"2010-10-01"	"Total"	"Rest of the world"	""	""	"71099"
"finnland"	"2011-01-01"	"Total"	"Domestic"	"Non-financial corporations"	""	"658"
"finnland"	"2011-01-01"	"Total"	"Domestic"	"Financial and insurance corporations"	"Central Bank"	"242"
"finnland"	"2011-01-01"	"Total"	"Domestic"	"Financial and insurance corporations"	"Other MFIs"	"2654"
"finnland"	"2011-01-01"	"Total"	"Domestic"	"Financial and insurance corporations"	"Money market funds"	"151"
"finnland"	"2011-01-01"	"Total"	"Domestic"	"Financial and insurance corporations"	"Insurance corporations and pension funds"	"1080"
"finnland"	"2011-01-01"	"Total"	"Domestic"	"Financial and insurance corporations"	"Others"	"301"
"finnland"	"2011-01-01"	"Total"	"Domestic"	"General Government"	""	"2389"
"finnland"	"2011-01-01"	"Total"	"Domestic"	"Households"	""	"19"
"finnland"	"2011-01-01"	"Total"	"Domestic"	"NPISHs"	""	"307"
"finnland"	"2011-01-01"	"Total"	"Rest of the world"	""	""	"68496"
"finnland"	"2011-04-01"	"Total"	"Domestic"	"Non-financial corporations"	""	"631"
"finnland"	"2011-04-01"	"Total"	"Domestic"	"Financial and insurance corporations"	"Central Bank"	"202"
"finnland"	"2011-04-01"	"Total"	"Domestic"	"Financial and insurance corporations"	"Other MFIs"	"3519"
"finnland"	"2011-04-01"	"Total"	"Domestic"	"Financial and insurance corporations"	"Money market funds"	"195"
"finnland"	"2011-04-01"	"Total"	"Domestic"	"Financial and insurance corporations"	"Insurance corporations and pension funds"	"1076"
"finnland"	"2011-04-01"	"Total"	"Domestic"	"Financial and insurance corporations"	"Others"	"305"
"finnland"	"2011-04-01"	"Total"	"Domestic"	"General Government"	""	"2446"
"finnland"	"2011-04-01"	"Total"	"Domestic"	"Households"	""	"20"
"finnland"	"2011-04-01"	"Total"	"Domestic"	"NPISHs"	""	"307"
"finnland"	"2011-04-01"	"Total"	"Rest of the world"	""	""	"68487"
"finnland"	"2011-07-01"	"Total"	"Domestic"	"Non-financial corporations"	""	"668"
"finnland"	"2011-07-01"	"Total"	"Domestic"	"Financial and insurance corporations"	"Central Bank"	"229"
"finnland"	"2011-07-01"	"Total"	"Domestic"	"Financial and insurance corporations"	"Other MFIs"	"3907"
"finnland"	"2011-07-01"	"Total"	"Domestic"	"Financial and insurance corporations"	"Money market funds"	"265"
"finnland"	"2011-07-01"	"Total"	"Domestic"	"Financial and insurance corporations"	"Insurance corporations and pension funds"	"829"
"finnland"	"2011-07-01"	"Total"	"Domestic"	"Financial and insurance corporations"	"Others"	"405"
"finnland"	"2011-07-01"	"Total"	"Domestic"	"General Government"	""	"3851"
"finnland"	"2011-07-01"	"Total"	"Domestic"	"Households"	""	"21"
"finnland"	"2011-07-01"	"Total"	"Domestic"	"NPISHs"	""	"304"
"finnland"	"2011-07-01"	"Total"	"Rest of the world"	""	""	"73851"
"finnland"	"2011-10-01"	"Total"	"Domestic"	"Non-financial corporations"	""	"638"
"finnland"	"2011-10-01"	"Total"	"Domestic"	"Financial and insurance corporations"	"Central Bank"	"239"
"finnland"	"2011-10-01"	"Total"	"Domestic"	"Financial and insurance corporations"	"Other MFIs"	"3578"
"finnland"	"2011-10-01"	"Total"	"Domestic"	"Financial and insurance corporations"	"Money market funds"	"271"
"finnland"	"2011-10-01"	"Total"	"Domestic"	"Financial and insurance corporations"	"Insurance corporations and pension funds"	"879"
"finnland"	"2011-10-01"	"Total"	"Domestic"	"Financial and insurance corporations"	"Others"	"328"
"finnland"	"2011-10-01"	"Total"	"Domestic"	"General Government"	""	"4091"
"finnland"	"2011-10-01"	"Total"	"Domestic"	"Households"	""	"19"
"finnland"	"2011-10-01"	"Total"	"Domestic"	"NPISHs"	""	"324"
"finnland"	"2011-10-01"	"Total"	"Rest of the world"	""	""	"77354"
"finnland"	"2012-01-01"	"Total"	"Domestic"	"Non-financial corporations"	""	"455"
"finnland"	"2012-01-01"	"Total"	"Domestic"	"Financial and insurance corporations"	"Central Bank"	"194"
"finnland"	"2012-01-01"	"Total"	"Domestic"	"Financial and insurance corporations"	"Other MFIs"	"3528"
"finnland"	"2012-01-01"	"Total"	"Domestic"	"Financial and insurance corporations"	"Money market funds"	"100"
"finnland"	"2012-01-01"	"Total"	"Domestic"	"Financial and insurance corporations"	"Insurance corporations and pension funds"	"1004"
"finnland"	"2012-01-01"	"Total"	"Domestic"	"Financial and insurance corporations"	"Others"	"381"
"finnland"	"2012-01-01"	"Total"	"Domestic"	"General Government"	""	"4112"
"finnland"	"2012-01-01"	"Total"	"Domestic"	"Households"	""	"110"
"finnland"	"2012-01-01"	"Total"	"Domestic"	"NPISHs"	""	"187"
"finnland"	"2012-01-01"	"Total"	"Rest of the world"	""	""	"77153"
"finnland"	"2012-04-01"	"Total"	"Domestic"	"Non-financial corporations"	""	"833"
"finnland"	"2012-04-01"	"Total"	"Domestic"	"Financial and insurance corporations"	"Central Bank"	"194"
"finnland"	"2012-04-01"	"Total"	"Domestic"	"Financial and insurance corporations"	"Other MFIs"	"3289"
"finnland"	"2012-04-01"	"Total"	"Domestic"	"Financial and insurance corporations"	"Money market funds"	"305"
"finnland"	"2012-04-01"	"Total"	"Domestic"	"Financial and insurance corporations"	"Insurance corporations and pension funds"	"1167"
"finnland"	"2012-04-01"	"Total"	"Domestic"	"Financial and insurance corporations"	"Others"	"419"
"finnland"	"2012-04-01"	"Total"	"Domestic"	"General Government"	""	"3452"
"finnland"	"2012-04-01"	"Total"	"Domestic"	"Households"	""	"102"
"finnland"	"2012-04-01"	"Total"	"Domestic"	"NPISHs"	""	"184"
"finnland"	"2012-04-01"	"Total"	"Rest of the world"	""	""	"83842"
"finnland"	"2012-07-01"	"Total"	"Domestic"	"Non-financial corporations"	""	"631"
"finnland"	"2012-07-01"	"Total"	"Domestic"	"Financial and insurance corporations"	"Central Bank"	"66"
"finnland"	"2012-07-01"	"Total"	"Domestic"	"Financial and insurance corporations"	"Other MFIs"	"3482"
"finnland"	"2012-07-01"	"Total"	"Domestic"	"Financial and insurance corporations"	"Money market funds"	"166"
"finnland"	"2012-07-01"	"Total"	"Domestic"	"Financial and insurance corporations"	"Insurance corporations and pension funds"	"1454"
"finnland"	"2012-07-01"	"Total"	"Domestic"	"Financial and insurance corporations"	"Others"	"368"
"finnland"	"2012-07-01"	"Total"	"Domestic"	"General Government"	""	"3619"
"finnland"	"2012-07-01"	"Total"	"Domestic"	"Households"	""	"69"
"finnland"	"2012-07-01"	"Total"	"Domestic"	"NPISHs"	""	"148"
"finnland"	"2012-07-01"	"Total"	"Rest of the world"	""	""	"82600"
"finnland"	"2012-10-01"	"Total"	"Domestic"	"Non-financial corporations"	""	"627"
"finnland"	"2012-10-01"	"Total"	"Domestic"	"Financial and insurance corporations"	"Central Bank"	"112"
"finnland"	"2012-10-01"	"Total"	"Domestic"	"Financial and insurance corporations"	"Other MFIs"	"3312"
"finnland"	"2012-10-01"	"Total"	"Domestic"	"Financial and insurance corporations"	"Money market funds"	"154"
"finnland"	"2012-10-01"	"Total"	"Domestic"	"Financial and insurance corporations"	"Insurance corporations and pension funds"	"1621"
"finnland"	"2012-10-01"	"Total"	"Domestic"	"Financial and insurance corporations"	"Others"	"523"
"finnland"	"2012-10-01"	"Total"	"Domestic"	"General Government"	""	"3387"
"finnland"	"2012-10-01"	"Total"	"Domestic"	"Households"	""	"68"
"finnland"	"2012-10-01"	"Total"	"Domestic"	"NPISHs"	""	"170"
"finnland"	"2012-10-01"	"Total"	"Rest of the world"	""	""	"85958"
"finnland"	"2013-01-01"	"Total"	"Domestic"	"Non-financial corporations"	""	"1703"
"finnland"	"2013-01-01"	"Total"	"Domestic"	"Financial and insurance corporations"	"Central Bank"	"112"
"finnland"	"2013-01-01"	"Total"	"Domestic"	"Financial and insurance corporations"	"Other MFIs"	"3218"
"finnland"	"2013-01-01"	"Total"	"Domestic"	"Financial and insurance corporations"	"Money market funds"	"288"
"finnland"	"2013-01-01"	"Total"	"Domestic"	"Financial and insurance corporations"	"Insurance corporations and pension funds"	"1305"
"finnland"	"2013-01-01"	"Total"	"Domestic"	"Financial and insurance corporations"	"Others"	"637"
"finnland"	"2013-01-01"	"Total"	"Domestic"	"General Government"	""	"3179"
"finnland"	"2013-01-01"	"Total"	"Domestic"	"Households"	""	"65"
"finnland"	"2013-01-01"	"Total"	"Domestic"	"NPISHs"	""	"172"
"finnland"	"2013-01-01"	"Total"	"Rest of the world"	""	""	"86659"
"finnland"	"2013-04-01"	"Total"	"Domestic"	"Non-financial corporations"	""	"1693"
"finnland"	"2013-04-01"	"Total"	"Domestic"	"Financial and insurance corporations"	"Central Bank"	"111"
"finnland"	"2013-04-01"	"Total"	"Domestic"	"Financial and insurance corporations"	"Other MFIs"	"4680"
"finnland"	"2013-04-01"	"Total"	"Domestic"	"Financial and insurance corporations"	"Money market funds"	"261"
"finnland"	"2013-04-01"	"Total"	"Domestic"	"Financial and insurance corporations"	"Insurance corporations and pension funds"	"1220"
"finnland"	"2013-04-01"	"Total"	"Domestic"	"Financial and insurance corporations"	"Others"	"650"
"finnland"	"2013-04-01"	"Total"	"Domestic"	"General Government"	""	"3469"
"finnland"	"2013-04-01"	"Total"	"Domestic"	"Households"	""	"66"
"finnland"	"2013-04-01"	"Total"	"Domestic"	"NPISHs"	""	"118"
"finnland"	"2013-04-01"	"Total"	"Rest of the world"	""	""	"88013"
"finnland"	"2013-07-01"	"Total"	"Domestic"	"Non-financial corporations"	""	"1693"
"finnland"	"2013-07-01"	"Total"	"Domestic"	"Financial and insurance corporations"	"Central Bank"	"43"
"finnland"	"2013-07-01"	"Total"	"Domestic"	"Financial and insurance corporations"	"Other MFIs"	"3781"
"finnland"	"2013-07-01"	"Total"	"Domestic"	"Financial and insurance corporations"	"Money market funds"	"132"
"finnland"	"2013-07-01"	"Total"	"Domestic"	"Financial and insurance corporations"	"Insurance corporations and pension funds"	"1057"
"finnland"	"2013-07-01"	"Total"	"Domestic"	"Financial and insurance corporations"	"Others"	"542"
"finnland"	"2013-07-01"	"Total"	"Domestic"	"General Government"	""	"3746"
"finnland"	"2013-07-01"	"Total"	"Domestic"	"Households"	""	"36"
"finnland"	"2013-07-01"	"Total"	"Domestic"	"NPISHs"	""	"131"
"finnland"	"2013-07-01"	"Total"	"Rest of the world"	""	""	"83475"
"finnland"	"2013-10-01"	"Total"	"Domestic"	"Non-financial corporations"	""	"633"
"finnland"	"2013-10-01"	"Total"	"Domestic"	"Financial and insurance corporations"	"Central Bank"	"142"
"finnland"	"2013-10-01"	"Total"	"Domestic"	"Financial and insurance corporations"	"Other MFIs"	"4011"
"finnland"	"2013-10-01"	"Total"	"Domestic"	"Financial and insurance corporations"	"Money market funds"	"138"
"finnland"	"2013-10-01"	"Total"	"Domestic"	"Financial and insurance corporations"	"Insurance corporations and pension funds"	"1224"
"finnland"	"2013-10-01"	"Total"	"Domestic"	"Financial and insurance corporations"	"Others"	"635"
"finnland"	"2013-10-01"	"Total"	"Domestic"	"General Government"	""	"3789"
"finnland"	"2013-10-01"	"Total"	"Domestic"	"Households"	""	"35"
"finnland"	"2013-10-01"	"Total"	"Domestic"	"NPISHs"	""	"108"
"finnland"	"2013-10-01"	"Total"	"Rest of the world"	""	""	"87078"
"finnland"	"2014-01-01"	"Total"	"Domestic"	"Non-financial corporations"	""	"675"
"finnland"	"2014-01-01"	"Total"	"Domestic"	"Financial and insurance corporations"	"Central Bank"	"169"
"finnland"	"2014-01-01"	"Total"	"Domestic"	"Financial and insurance corporations"	"Other MFIs"	"3683"
"finnland"	"2014-01-01"	"Total"	"Domestic"	"Financial and insurance corporations"	"Money market funds"	"96"
"finnland"	"2014-01-01"	"Total"	"Domestic"	"Financial and insurance corporations"	"Insurance corporations and pension funds"	"1124"
"finnland"	"2014-01-01"	"Total"	"Domestic"	"Financial and insurance corporations"	"Others"	"634"
"finnland"	"2014-01-01"	"Total"	"Domestic"	"General Government"	""	"3191"
"finnland"	"2014-01-01"	"Total"	"Domestic"	"Households"	""	"36"
"finnland"	"2014-01-01"	"Total"	"Domestic"	"NPISHs"	""	"39"
"finnland"	"2014-01-01"	"Total"	"Rest of the world"	""	""	"92034"
"finnland"	"2014-04-01"	"Total"	"Domestic"	"Non-financial corporations"	""	"1438"
"finnland"	"2014-04-01"	"Total"	"Domestic"	"Financial and insurance corporations"	"Central Bank"	"362"
"finnland"	"2014-04-01"	"Total"	"Domestic"	"Financial and insurance corporations"	"Other MFIs"	"4575"
"finnland"	"2014-04-01"	"Total"	"Domestic"	"Financial and insurance corporations"	"Money market funds"	"85"
"finnland"	"2014-04-01"	"Total"	"Domestic"	"Financial and insurance corporations"	"Insurance corporations and pension funds"	"1542"
"finnland"	"2014-04-01"	"Total"	"Domestic"	"Financial and insurance corporations"	"Others"	"479"
"finnland"	"2014-04-01"	"Total"	"Domestic"	"General Government"	""	"2975"
"finnland"	"2014-04-01"	"Total"	"Domestic"	"Households"	""	"35"
"finnland"	"2014-04-01"	"Total"	"Domestic"	"NPISHs"	""	"59"
"finnland"	"2014-04-01"	"Total"	"Rest of the world"	""	""	"94933"
"finnland"	"2014-07-01"	"Total"	"Domestic"	"Non-financial corporations"	""	"1483"
"finnland"	"2014-07-01"	"Total"	"Domestic"	"Financial and insurance corporations"	"Central Bank"	"394"
"finnland"	"2014-07-01"	"Total"	"Domestic"	"Financial and insurance corporations"	"Other MFIs"	"3573"
"finnland"	"2014-07-01"	"Total"	"Domestic"	"Financial and insurance corporations"	"Money market funds"	"64"
"finnland"	"2014-07-01"	"Total"	"Domestic"	"Financial and insurance corporations"	"Insurance corporations and pension funds"	"1684"
"finnland"	"2014-07-01"	"Total"	"Domestic"	"Financial and insurance corporations"	"Others"	"354"
"finnland"	"2014-07-01"	"Total"	"Domestic"	"General Government"	""	"3049"
"finnland"	"2014-07-01"	"Total"	"Domestic"	"Households"	""	"31"
"finnland"	"2014-07-01"	"Total"	"Domestic"	"NPISHs"	""	"34"
"finnland"	"2014-07-01"	"Total"	"Rest of the world"	""	""	"96017"
"finnland"	"2014-10-01"	"Total"	"Domestic"	"Non-financial corporations"	""	"1919"
"finnland"	"2014-10-01"	"Total"	"Domestic"	"Financial and insurance corporations"	"Central Bank"	"394"
"finnland"	"2014-10-01"	"Total"	"Domestic"	"Financial and insurance corporations"	"Other MFIs"	"3959"
"finnland"	"2014-10-01"	"Total"	"Domestic"	"Financial and insurance corporations"	"Money market funds"	"65"
"finnland"	"2014-10-01"	"Total"	"Domestic"	"Financial and insurance corporations"	"Insurance corporations and pension funds"	"1898"
"finnland"	"2014-10-01"	"Total"	"Domestic"	"Financial and insurance corporations"	"Others"	"221"
"finnland"	"2014-10-01"	"Total"	"Domestic"	"General Government"	""	"2960"
"finnland"	"2014-10-01"	"Total"	"Domestic"	"Households"	""	"30"
"finnland"	"2014-10-01"	"Total"	"Domestic"	"NPISHs"	""	"36"
"finnland"	"2014-10-01"	"Total"	"Rest of the world"	""	""	"99298"
"finnland"	"2015-01-01"	"Total"	"Domestic"	"Non-financial corporations"	""	"391"
"finnland"	"2015-01-01"	"Total"	"Domestic"	"Financial and insurance corporations"	"Central Bank"	"1105"
"finnland"	"2015-01-01"	"Total"	"Domestic"	"Financial and insurance corporations"	"Other MFIs"	"5133"
"finnland"	"2015-01-01"	"Total"	"Domestic"	"Financial and insurance corporations"	"Money market funds"	"143"
"finnland"	"2015-01-01"	"Total"	"Domestic"	"Financial and insurance corporations"	"Insurance corporations and pension funds"	"1942"
"finnland"	"2015-01-01"	"Total"	"Domestic"	"Financial and insurance corporations"	"Others"	"242"
"finnland"	"2015-01-01"	"Total"	"Domestic"	"General Government"	""	"2870"
"finnland"	"2015-01-01"	"Total"	"Domestic"	"Households"	""	"17"
"finnland"	"2015-01-01"	"Total"	"Domestic"	"NPISHs"	""	"38"
"finnland"	"2015-01-01"	"Total"	"Rest of the world"	""	""	"102005"
"finnland"	"2015-04-01"	"Total"	"Domestic"	"Non-financial corporations"	""	"344"
"finnland"	"2015-04-01"	"Total"	"Domestic"	"Financial and insurance corporations"	"Central Bank"	"3211"
"finnland"	"2015-04-01"	"Total"	"Domestic"	"Financial and insurance corporations"	"Other MFIs"	"5148"
"finnland"	"2015-04-01"	"Total"	"Domestic"	"Financial and insurance corporations"	"Money market funds"	"178"
"finnland"	"2015-04-01"	"Total"	"Domestic"	"Financial and insurance corporations"	"Insurance corporations and pension funds"	"1781"
"finnland"	"2015-04-01"	"Total"	"Domestic"	"Financial and insurance corporations"	"Others"	"307"
"finnland"	"2015-04-01"	"Total"	"Domestic"	"General Government"	""	"2649"
"finnland"	"2015-04-01"	"Total"	"Domestic"	"Households"	""	"14"
"finnland"	"2015-04-01"	"Total"	"Domestic"	"NPISHs"	""	"44"
"finnland"	"2015-04-01"	"Total"	"Rest of the world"	""	""	"101083"
"finnland"	"2015-07-01"	"Total"	"Domestic"	"Non-financial corporations"	""	"293"
"finnland"	"2015-07-01"	"Total"	"Domestic"	"Financial and insurance corporations"	"Central Bank"	"5300"
"finnland"	"2015-07-01"	"Total"	"Domestic"	"Financial and insurance corporations"	"Other MFIs"	"4651"
"finnland"	"2015-07-01"	"Total"	"Domestic"	"Financial and insurance corporations"	"Money market funds"	"108"
"finnland"	"2015-07-01"	"Total"	"Domestic"	"Financial and insurance corporations"	"Insurance corporations and pension funds"	"1685"
"finnland"	"2015-07-01"	"Total"	"Domestic"	"Financial and insurance corporations"	"Others"	"291"
"finnland"	"2015-07-01"	"Total"	"Domestic"	"General Government"	""	"2126"
"finnland"	"2015-07-01"	"Total"	"Domestic"	"Households"	""	"13"
"finnland"	"2015-07-01"	"Total"	"Domestic"	"NPISHs"	""	"36"
"finnland"	"2015-07-01"	"Total"	"Rest of the world"	""	""	"97053"
"finnland"	"2015-10-01"	"Total"	"Domestic"	"Non-financial corporations"	""	"99"
"finnland"	"2015-10-01"	"Total"	"Domestic"	"Financial and insurance corporations"	"Central Bank"	"7599"
"finnland"	"2015-10-01"	"Total"	"Domestic"	"Financial and insurance corporations"	"Other MFIs"	"5232"
"finnland"	"2015-10-01"	"Total"	"Domestic"	"Financial and insurance corporations"	"Money market funds"	"94"
"finnland"	"2015-10-01"	"Total"	"Domestic"	"Financial and insurance corporations"	"Insurance corporations and pension funds"	"1678"
"finnland"	"2015-10-01"	"Total"	"Domestic"	"Financial and insurance corporations"	"Others"	"279"
"finnland"	"2015-10-01"	"Total"	"Domestic"	"General Government"	""	"1399"
"finnland"	"2015-10-01"	"Total"	"Domestic"	"Households"	""	"12"
"finnland"	"2015-10-01"	"Total"	"Domestic"	"NPISHs"	""	"34"
"finnland"	"2015-10-01"	"Total"	"Rest of the world"	""	""	"98237"
"finnland"	"2016-01-01"	"Total"	"Domestic"	"Non-financial corporations"	""	"98"
"finnland"	"2016-01-01"	"Total"	"Domestic"	"Financial and insurance corporations"	"Central Bank"	"10256"
"finnland"	"2016-01-01"	"Total"	"Domestic"	"Financial and insurance corporations"	"Other MFIs"	"5991"
"finnland"	"2016-01-01"	"Total"	"Domestic"	"Financial and insurance corporations"	"Money market funds"	"47"
"finnland"	"2016-01-01"	"Total"	"Domestic"	"Financial and insurance corporations"	"Insurance corporations and pension funds"	"1759"
"finnland"	"2016-01-01"	"Total"	"Domestic"	"Financial and insurance corporations"	"Others"	"227"
"finnland"	"2016-01-01"	"Total"	"Domestic"	"General Government"	""	"1417"
"finnland"	"2016-01-01"	"Total"	"Domestic"	"Households"	""	"12"
"finnland"	"2016-01-01"	"Total"	"Domestic"	"NPISHs"	""	"34"
"finnland"	"2016-01-01"	"Total"	"Rest of the world"	""	""	"98817"
"finnland"	"2016-04-01"	"Total"	"Domestic"	"Non-financial corporations"	""	"42"
"finnland"	"2016-04-01"	"Total"	"Domestic"	"Financial and insurance corporations"	"Central Bank"	"13811"
"finnland"	"2016-04-01"	"Total"	"Domestic"	"Financial and insurance corporations"	"Other MFIs"	"5624"
"finnland"	"2016-04-01"	"Total"	"Domestic"	"Financial and insurance corporations"	"Money market funds"	"85"
"finnland"	"2016-04-01"	"Total"	"Domestic"	"Financial and insurance corporations"	"Insurance corporations and pension funds"	"1378"
"finnland"	"2016-04-01"	"Total"	"Domestic"	"Financial and insurance corporations"	"Others"	"198"
"finnland"	"2016-04-01"	"Total"	"Domestic"	"General Government"	""	"1107"
"finnland"	"2016-04-01"	"Total"	"Domestic"	"Households"	""	"5"
"finnland"	"2016-04-01"	"Total"	"Domestic"	"NPISHs"	""	"23"
"finnland"	"2016-04-01"	"Total"	"Rest of the world"	""	""	"93938"
"finnland"	"2016-07-01"	"Total"	"Domestic"	"Non-financial corporations"	""	"9"
"finnland"	"2016-07-01"	"Total"	"Domestic"	"Financial and insurance corporations"	"Central Bank"	"16606"
"finnland"	"2016-07-01"	"Total"	"Domestic"	"Financial and insurance corporations"	"Other MFIs"	"5435"
"finnland"	"2016-07-01"	"Total"	"Domestic"	"Financial and insurance corporations"	"Money market funds"	"117"
"finnland"	"2016-07-01"	"Total"	"Domestic"	"Financial and insurance corporations"	"Insurance corporations and pension funds"	"1367"
"finnland"	"2016-07-01"	"Total"	"Domestic"	"Financial and insurance corporations"	"Others"	"235"
"finnland"	"2016-07-01"	"Total"	"Domestic"	"General Government"	""	"831"
"finnland"	"2016-07-01"	"Total"	"Domestic"	"Households"	""	"5"
"finnland"	"2016-07-01"	"Total"	"Domestic"	"NPISHs"	""	"22"
"finnland"	"2016-07-01"	"Total"	"Rest of the world"	""	""	"91235"
"finnland"	"2016-10-01"	"Total"	"Domestic"	"Non-financial corporations"	""	"377"
"finnland"	"2016-10-01"	"Total"	"Domestic"	"Financial and insurance corporations"	"Central Bank"	"19276"
"finnland"	"2016-10-01"	"Total"	"Domestic"	"Financial and insurance corporations"	"Other MFIs"	"4742"
"finnland"	"2016-10-01"	"Total"	"Domestic"	"Financial and insurance corporations"	"Money market funds"	"184"
"finnland"	"2016-10-01"	"Total"	"Domestic"	"Financial and insurance corporations"	"Insurance corporations and pension funds"	"1290"
"finnland"	"2016-10-01"	"Total"	"Domestic"	"Financial and insurance corporations"	"Others"	"221"
"finnland"	"2016-10-01"	"Total"	"Domestic"	"General Government"	""	"968"
"finnland"	"2016-10-01"	"Total"	"Domestic"	"Households"	""	"5"
"finnland"	"2016-10-01"	"Total"	"Domestic"	"NPISHs"	""	"22"
"finnland"	"2016-10-01"	"Total"	"Rest of the world"	""	""	"90794"
"finnland"	"2017-01-01"	"Total"	"Domestic"	"Non-financial corporations"	""	"57"
"finnland"	"2017-01-01"	"Total"	"Domestic"	"Financial and insurance corporations"	"Central Bank"	"20739"
"finnland"	"2017-01-01"	"Total"	"Domestic"	"Financial and insurance corporations"	"Other MFIs"	"4144"
"finnland"	"2017-01-01"	"Total"	"Domestic"	"Financial and insurance corporations"	"Money market funds"	"146"
"finnland"	"2017-01-01"	"Total"	"Domestic"	"Financial and insurance corporations"	"Insurance corporations and pension funds"	"1284"
"finnland"	"2017-01-01"	"Total"	"Domestic"	"Financial and insurance corporations"	"Others"	"182"
"finnland"	"2017-01-01"	"Total"	"Domestic"	"General Government"	""	"1483"
"finnland"	"2017-01-01"	"Total"	"Domestic"	"Households"	""	"5"
"finnland"	"2017-01-01"	"Total"	"Domestic"	"NPISHs"	""	"20"
"finnland"	"2017-01-01"	"Total"	"Rest of the world"	""	""	"90050"
"finnland"	"2017-04-01"	"Total"	"Domestic"	"Non-financial corporations"	""	"20"
"finnland"	"2017-04-01"	"Total"	"Domestic"	"Financial and insurance corporations"	"Central Bank"	"21724"
"finnland"	"2017-04-01"	"Total"	"Domestic"	"Financial and insurance corporations"	"Other MFIs"	"4199"
"finnland"	"2017-04-01"	"Total"	"Domestic"	"Financial and insurance corporations"	"Money market funds"	"130"
"finnland"	"2017-04-01"	"Total"	"Domestic"	"Financial and insurance corporations"	"Insurance corporations and pension funds"	"1224"
"finnland"	"2017-04-01"	"Total"	"Domestic"	"Financial and insurance corporations"	"Others"	"158"
"finnland"	"2017-04-01"	"Total"	"Domestic"	"General Government"	""	"1006"
"finnland"	"2017-04-01"	"Total"	"Domestic"	"Households"	""	"5"
"finnland"	"2017-04-01"	"Total"	"Domestic"	"NPISHs"	""	"19"
"finnland"	"2017-04-01"	"Total"	"Rest of the world"	""	""	"86242"
"finnland"	"2017-07-01"	"Total"	"Domestic"	"Non-financial corporations"	""	"30"
"finnland"	"2017-07-01"	"Total"	"Domestic"	"Financial and insurance corporations"	"Central Bank"	"22601"
"finnland"	"2017-07-01"	"Total"	"Domestic"	"Financial and insurance corporations"	"Other MFIs"	"4106"
"finnland"	"2017-07-01"	"Total"	"Domestic"	"Financial and insurance corporations"	"Money market funds"	"147"
"finnland"	"2017-07-01"	"Total"	"Domestic"	"Financial and insurance corporations"	"Insurance corporations and pension funds"	"1412"
"finnland"	"2017-07-01"	"Total"	"Domestic"	"Financial and insurance corporations"	"Others"	"172"
"finnland"	"2017-07-01"	"Total"	"Domestic"	"General Government"	""	"1504"
"finnland"	"2017-07-01"	"Total"	"Domestic"	"Households"	""	"4"
"finnland"	"2017-07-01"	"Total"	"Domestic"	"NPISHs"	""	"13"
"finnland"	"2017-07-01"	"Total"	"Rest of the world"	""	""	"83595"
"finnland"	"2017-10-01"	"Total"	"Domestic"	"Non-financial corporations"	""	"30"
"finnland"	"2017-10-01"	"Total"	"Domestic"	"Financial and insurance corporations"	"Central Bank"	"24594"
"finnland"	"2017-10-01"	"Total"	"Domestic"	"Financial and insurance corporations"	"Other MFIs"	"3569"
"finnland"	"2017-10-01"	"Total"	"Domestic"	"Financial and insurance corporations"	"Money market funds"	"71"
"finnland"	"2017-10-01"	"Total"	"Domestic"	"Financial and insurance corporations"	"Insurance corporations and pension funds"	"1391"
"finnland"	"2017-10-01"	"Total"	"Domestic"	"Financial and insurance corporations"	"Others"	"120"
"finnland"	"2017-10-01"	"Total"	"Domestic"	"General Government"	""	"1649"
"finnland"	"2017-10-01"	"Total"	"Domestic"	"Households"	""	"4"
"finnland"	"2017-10-01"	"Total"	"Domestic"	"NPISHs"	""	"13"
"finnland"	"2017-10-01"	"Total"	"Rest of the world"	""	""	"85041"
"finnland"	"2018-01-01"	"Total"	"Domestic"	"Non-financial corporations"	""	"30"
"finnland"	"2018-01-01"	"Total"	"Domestic"	"Financial and insurance corporations"	"Central Bank"	"25135"
"finnland"	"2018-01-01"	"Total"	"Domestic"	"Financial and insurance corporations"	"Other MFIs"	"3532"
"finnland"	"2018-01-01"	"Total"	"Domestic"	"Financial and insurance corporations"	"Money market funds"	"142"
"finnland"	"2018-01-01"	"Total"	"Domestic"	"Financial and insurance corporations"	"Insurance corporations and pension funds"	"1190"
"finnland"	"2018-01-01"	"Total"	"Domestic"	"Financial and insurance corporations"	"Others"	"112"
"finnland"	"2018-01-01"	"Total"	"Domestic"	"General Government"	""	"1283"
"finnland"	"2018-01-01"	"Total"	"Domestic"	"Households"	""	"4"
"finnland"	"2018-01-01"	"Total"	"Domestic"	"NPISHs"	""	"13"
"finnland"	"2018-01-01"	"Total"	"Rest of the world"	""	""	"83885"
"finnland"	"2018-04-01"	"Total"	"Domestic"	"Non-financial corporations"	""	"17"
"finnland"	"2018-04-01"	"Total"	"Domestic"	"Financial and insurance corporations"	"Central Bank"	"26468"
"finnland"	"2018-04-01"	"Total"	"Domestic"	"Financial and insurance corporations"	"Other MFIs"	"4234"
"finnland"	"2018-04-01"	"Total"	"Domestic"	"Financial and insurance corporations"	"Money market funds"	"44"
"finnland"	"2018-04-01"	"Total"	"Domestic"	"Financial and insurance corporations"	"Insurance corporations and pension funds"	"1046"
"finnland"	"2018-04-01"	"Total"	"Domestic"	"Financial and insurance corporations"	"Others"	"119"
"finnland"	"2018-04-01"	"Total"	"Domestic"	"General Government"	""	"708"
"finnland"	"2018-04-01"	"Total"	"Domestic"	"Households"	""	"4"
"finnland"	"2018-04-01"	"Total"	"Domestic"	"NPISHs"	""	"14"
"finnland"	"2018-04-01"	"Total"	"Rest of the world"	""	""	"84002"
"finnland"	"2018-07-01"	"Total"	"Domestic"	"Non-financial corporations"	""	"41"
"finnland"	"2018-07-01"	"Total"	"Domestic"	"Financial and insurance corporations"	"Central Bank"	"26333"
"finnland"	"2018-07-01"	"Total"	"Domestic"	"Financial and insurance corporations"	"Other MFIs"	"4035"
"finnland"	"2018-07-01"	"Total"	"Domestic"	"Financial and insurance corporations"	"Money market funds"	"41"
"finnland"	"2018-07-01"	"Total"	"Domestic"	"Financial and insurance corporations"	"Insurance corporations and pension funds"	"999"
"finnland"	"2018-07-01"	"Total"	"Domestic"	"Financial and insurance corporations"	"Others"	"97"
"finnland"	"2018-07-01"	"Total"	"Domestic"	"General Government"	""	"738"
"finnland"	"2018-07-01"	"Total"	"Domestic"	"Households"	""	"4"
"finnland"	"2018-07-01"	"Total"	"Domestic"	"NPISHs"	""	"13"
"finnland"	"2018-07-01"	"Total"	"Rest of the world"	""	""	"82203"
"finnland"	"2018-10-01"	"Total"	"Domestic"	"Non-financial corporations"	""	"26"
"finnland"	"2018-10-01"	"Total"	"Domestic"	"Financial and insurance corporations"	"Central Bank"	"27200"
"finnland"	"2018-10-01"	"Total"	"Domestic"	"Financial and insurance corporations"	"Other MFIs"	"4157"
"finnland"	"2018-10-01"	"Total"	"Domestic"	"Financial and insurance corporations"	"Money market funds"	"15"
"finnland"	"2018-10-01"	"Total"	"Domestic"	"Financial and insurance corporations"	"Insurance corporations and pension funds"	"955"
"finnland"	"2018-10-01"	"Total"	"Domestic"	"Financial and insurance corporations"	"Others"	"123"
"finnland"	"2018-10-01"	"Total"	"Domestic"	"General Government"	""	"572"
"finnland"	"2018-10-01"	"Total"	"Domestic"	"Households"	""	"4"
"finnland"	"2018-10-01"	"Total"	"Domestic"	"NPISHs"	""	"14"
"finnland"	"2018-10-01"	"Total"	"Rest of the world"	""	""	"82357"
"finnland"	"2019-01-01"	"Total"	"Domestic"	"Non-financial corporations"	""	"44"
"finnland"	"2019-01-01"	"Total"	"Domestic"	"Financial and insurance corporations"	"Central Bank"	"28099"
"finnland"	"2019-01-01"	"Total"	"Domestic"	"Financial and insurance corporations"	"Other MFIs"	"5031"
"finnland"	"2019-01-01"	"Total"	"Domestic"	"Financial and insurance corporations"	"Money market funds"	"0"
"finnland"	"2019-01-01"	"Total"	"Domestic"	"Financial and insurance corporations"	"Insurance corporations and pension funds"	"855"
"finnland"	"2019-01-01"	"Total"	"Domestic"	"Financial and insurance corporations"	"Others"	"160"
"finnland"	"2019-01-01"	"Total"	"Domestic"	"General Government"	""	"1168"
"finnland"	"2019-01-01"	"Total"	"Domestic"	"Households"	""	"4"
"finnland"	"2019-01-01"	"Total"	"Domestic"	"NPISHs"	""	"13"
"finnland"	"2019-01-01"	"Total"	"Rest of the world"	""	""	"83493"
"finnland"	"2019-04-01"	"Total"	"Domestic"	"Non-financial corporations"	""	"30"
"finnland"	"2019-04-01"	"Total"	"Domestic"	"Financial and insurance corporations"	"Central Bank"	"28798"
"finnland"	"2019-04-01"	"Total"	"Domestic"	"Financial and insurance corporations"	"Other MFIs"	"5082"
"finnland"	"2019-04-01"	"Total"	"Domestic"	"Financial and insurance corporations"	"Money market funds"	"0"
"finnland"	"2019-04-01"	"Total"	"Domestic"	"Financial and insurance corporations"	"Insurance corporations and pension funds"	"830"
"finnland"	"2019-04-01"	"Total"	"Domestic"	"Financial and insurance corporations"	"Others"	"181"
"finnland"	"2019-04-01"	"Total"	"Domestic"	"General Government"	""	"1040"
"finnland"	"2019-04-01"	"Total"	"Domestic"	"Households"	""	"4"
"finnland"	"2019-04-01"	"Total"	"Domestic"	"NPISHs"	""	"1"
"finnland"	"2019-04-01"	"Total"	"Rest of the world"	""	""	"87949"
"finnland"	"2019-07-01"	"Total"	"Domestic"	"Non-financial corporations"	""	"25"
"finnland"	"2019-07-01"	"Total"	"Domestic"	"Financial and insurance corporations"	"Central Bank"	"27937"
"finnland"	"2019-07-01"	"Total"	"Domestic"	"Financial and insurance corporations"	"Other MFIs"	"5982"
"finnland"	"2019-07-01"	"Total"	"Domestic"	"Financial and insurance corporations"	"Money market funds"	"0"
"finnland"	"2019-07-01"	"Total"	"Domestic"	"Financial and insurance corporations"	"Insurance corporations and pension funds"	"825"
"finnland"	"2019-07-01"	"Total"	"Domestic"	"Financial and insurance corporations"	"Others"	"208"
"finnland"	"2019-07-01"	"Total"	"Domestic"	"General Government"	""	"666"
"finnland"	"2019-07-01"	"Total"	"Domestic"	"Households"	""	"4"
"finnland"	"2019-07-01"	"Total"	"Domestic"	"NPISHs"	""	"1"
"finnland"	"2019-07-01"	"Total"	"Rest of the world"	""	""	"86184"
"finnland"	"2019-10-01"	"Total"	"Domestic"	"Non-financial corporations"	""	"17"
"finnland"	"2019-10-01"	"Total"	"Domestic"	"Financial and insurance corporations"	"Central Bank"	"27885"
"finnland"	"2019-10-01"	"Total"	"Domestic"	"Financial and insurance corporations"	"Other MFIs"	"4152"
"finnland"	"2019-10-01"	"Total"	"Domestic"	"Financial and insurance corporations"	"Money market funds"	"0"
"finnland"	"2019-10-01"	"Total"	"Domestic"	"Financial and insurance corporations"	"Insurance corporations and pension funds"	"767"
"finnland"	"2019-10-01"	"Total"	"Domestic"	"Financial and insurance corporations"	"Others"	"269"
"finnland"	"2019-10-01"	"Total"	"Domestic"	"General Government"	""	"839"
"finnland"	"2019-10-01"	"Total"	"Domestic"	"Households"	""	"4"
"finnland"	"2019-10-01"	"Total"	"Domestic"	"NPISHs"	""	"1"
"finnland"	"2019-10-01"	"Total"	"Rest of the world"	""	""	"84800"
"belgium"	"1995-01-01"	"Total"	"Residents"	"Central bank"	""	"2217"
"belgium"	"1995-01-01"	"Total"	"Residents"	"OMFIs"	""	"158189"
"belgium"	"1995-01-01"	"Total"	"Residents"	"Other financial institutions"	""	"30667"
"belgium"	"1995-01-01"	"Total"	"Residents"	"Other residents"	""	"19960"
"belgium"	"1995-01-01"	"Total"	"Non-residents"	""	""	"65311"
"belgium"	"1996-01-01"	"Total"	"Residents"	"Central bank"	""	"2318"
"belgium"	"1996-01-01"	"Total"	"Residents"	"OMFIs"	""	"160798"
"belgium"	"1996-01-01"	"Total"	"Residents"	"Other financial institutions"	""	"32361"
"belgium"	"1996-01-01"	"Total"	"Residents"	"Other residents"	""	"19573"
"belgium"	"1996-01-01"	"Total"	"Non-residents"	""	""	"61392"
"belgium"	"1997-01-01"	"Total"	"Residents"	"Central bank"	""	"2418"
"belgium"	"1997-01-01"	"Total"	"Residents"	"OMFIs"	""	"157935"
"belgium"	"1997-01-01"	"Total"	"Residents"	"Other financial institutions"	""	"34137"
"belgium"	"1997-01-01"	"Total"	"Residents"	"Other residents"	""	"19226"
"belgium"	"1997-01-01"	"Total"	"Non-residents"	""	""	"64776"
"belgium"	"1998-01-01"	"Total"	"Residents"	"Central bank"	""	"2487"
"belgium"	"1998-01-01"	"Total"	"Residents"	"OMFIs"	""	"154526"
"belgium"	"1998-01-01"	"Total"	"Residents"	"Other financial institutions"	""	"27987"
"belgium"	"1998-01-01"	"Total"	"Residents"	"Other residents"	""	"21657"
"belgium"	"1998-01-01"	"Total"	"Non-residents"	""	""	"70597"
"belgium"	"1999-01-01"	"Total"	"Residents"	"Central bank"	""	"2997"
"belgium"	"1999-01-01"	"Total"	"Residents"	"OMFIs"	""	"140213"
"belgium"	"1999-01-01"	"Total"	"Residents"	"Other financial institutions"	""	"30541"
"belgium"	"1999-01-01"	"Total"	"Residents"	"Other residents"	""	"20138"
"belgium"	"1999-01-01"	"Total"	"Non-residents"	""	""	"85642"
"belgium"	"2000-01-01"	"Total"	"Residents"	"Central bank"	""	"3095"
"belgium"	"2000-01-01"	"Total"	"Residents"	"OMFIs"	""	"121906"
"belgium"	"2000-01-01"	"Total"	"Residents"	"Other financial institutions"	""	"28403"
"belgium"	"2000-01-01"	"Total"	"Residents"	"Other residents"	""	"19937"
"belgium"	"2000-01-01"	"Total"	"Non-residents"	""	""	"107618"
"belgium"	"2001-01-01"	"Total"	"Residents"	"Central bank"	""	"3047"
"belgium"	"2001-01-01"	"Total"	"Residents"	"OMFIs"	""	"113210"
"belgium"	"2001-01-01"	"Total"	"Residents"	"Other financial institutions"	""	"27694"
"belgium"	"2001-01-01"	"Total"	"Residents"	"Other residents"	""	"20143"
"belgium"	"2001-01-01"	"Total"	"Non-residents"	""	""	"121962"
"belgium"	"2002-01-01"	"Total"	"Residents"	"Central bank"	""	"2865"
"belgium"	"2002-01-01"	"Total"	"Residents"	"OMFIs"	""	"103693"
"belgium"	"2002-01-01"	"Total"	"Residents"	"Other financial institutions"	""	"26023"
"belgium"	"2002-01-01"	"Total"	"Residents"	"Other residents"	""	"19807"
"belgium"	"2002-01-01"	"Total"	"Non-residents"	""	""	"135722"
"belgium"	"2003-01-01"	"Total"	"Residents"	"Central bank"	""	"2863"
"belgium"	"2003-01-01"	"Total"	"Residents"	"OMFIs"	""	"98627"
"belgium"	"2003-01-01"	"Total"	"Residents"	"Other financial institutions"	""	"24985"
"belgium"	"2003-01-01"	"Total"	"Residents"	"Other residents"	""	"18671"
"belgium"	"2003-01-01"	"Total"	"Non-residents"	""	""	"140721"
"belgium"	"2004-01-01"	"Total"	"Residents"	"Central bank"	""	"2853"
"belgium"	"2004-01-01"	"Total"	"Residents"	"OMFIs"	""	"95650"
"belgium"	"2004-01-01"	"Total"	"Residents"	"Other financial institutions"	""	"26122"
"belgium"	"2004-01-01"	"Total"	"Residents"	"Other residents"	""	"19311"
"belgium"	"2004-01-01"	"Total"	"Non-residents"	""	""	"144482"
"belgium"	"2005-01-01"	"Total"	"Residents"	"Central bank"	""	"3220"
"belgium"	"2005-01-01"	"Total"	"Residents"	"OMFIs"	""	"94113"
"belgium"	"2005-01-01"	"Total"	"Residents"	"Other financial institutions"	""	"27510"
"belgium"	"2005-01-01"	"Total"	"Residents"	"Other residents"	""	"19376"
"belgium"	"2005-01-01"	"Total"	"Non-residents"	""	""	"150757"
"belgium"	"2006-01-01"	"Total"	"Residents"	"Central bank"	""	"3459"
"belgium"	"2006-01-01"	"Total"	"Residents"	"OMFIs"	""	"92208"
"belgium"	"2006-01-01"	"Total"	"Residents"	"Other financial institutions"	""	"28819"
"belgium"	"2006-01-01"	"Total"	"Residents"	"Other residents"	""	"18353"
"belgium"	"2006-01-01"	"Total"	"Non-residents"	""	""	"154655"
"belgium"	"2007-01-01"	"Total"	"Residents"	"Central bank"	""	"4584"
"belgium"	"2007-01-01"	"Total"	"Residents"	"OMFIs"	""	"77186"
"belgium"	"2007-01-01"	"Total"	"Residents"	"Other financial institutions"	""	"28857"
"belgium"	"2007-01-01"	"Total"	"Residents"	"Other residents"	""	"17747"
"belgium"	"2007-01-01"	"Total"	"Non-residents"	""	""	"171689"
"belgium"	"2008-01-01"	"Total"	"Residents"	"Central bank"	""	"4891"
"belgium"	"2008-01-01"	"Total"	"Residents"	"OMFIs"	""	"80039"
"belgium"	"2008-01-01"	"Total"	"Residents"	"Other financial institutions"	""	"32836"
"belgium"	"2008-01-01"	"Total"	"Residents"	"Other residents"	""	"18849"
"belgium"	"2008-01-01"	"Total"	"Non-residents"	""	""	"191069"
"belgium"	"2009-01-01"	"Total"	"Residents"	"Central bank"	""	"5163"
"belgium"	"2009-01-01"	"Total"	"Residents"	"OMFIs"	""	"85293"
"belgium"	"2009-01-01"	"Total"	"Residents"	"Other financial institutions"	""	"43801"
"belgium"	"2009-01-01"	"Total"	"Residents"	"Other residents"	""	"19618"
"belgium"	"2009-01-01"	"Total"	"Non-residents"	""	""	"193349"
"belgium"	"2010-01-01"	"Total"	"Residents"	"Central bank"	""	"6319"
"belgium"	"2010-01-01"	"Total"	"Residents"	"OMFIs"	""	"92237"
"belgium"	"2010-01-01"	"Total"	"Residents"	"Other financial institutions"	""	"49635"
"belgium"	"2010-01-01"	"Total"	"Residents"	"Other residents"	""	"19190"
"belgium"	"2010-01-01"	"Total"	"Non-residents"	""	""	"196752"
"belgium"	"2011-01-01"	"Total"	"Residents"	"Central bank"	""	"7437"
"belgium"	"2011-01-01"	"Total"	"Residents"	"OMFIs"	""	"105518"
"belgium"	"2011-01-01"	"Total"	"Residents"	"Other financial institutions"	""	"70343"
"belgium"	"2011-01-01"	"Total"	"Residents"	"Other residents"	""	"25379"
"belgium"	"2011-01-01"	"Total"	"Non-residents"	""	""	"180429"
"belgium"	"2012-01-01"	"Total"	"Residents"	"Central bank"	""	"8365"
"belgium"	"2012-01-01"	"Total"	"Residents"	"OMFIs"	""	"108511"
"belgium"	"2012-01-01"	"Total"	"Residents"	"Other financial institutions"	""	"77634"
"belgium"	"2012-01-01"	"Total"	"Residents"	"Other residents"	""	"23066"
"belgium"	"2012-01-01"	"Total"	"Non-residents"	""	""	"187177"
"belgium"	"2013-01-01"	"Total"	"Residents"	"Central bank"	""	"8320"
"belgium"	"2013-01-01"	"Total"	"Residents"	"OMFIs"	""	"103447"
"belgium"	"2013-01-01"	"Total"	"Residents"	"Other financial institutions"	""	"76035"
"belgium"	"2013-01-01"	"Total"	"Residents"	"Other residents"	""	"22860"
"belgium"	"2013-01-01"	"Total"	"Non-residents"	""	""	"203771"
"belgium"	"2014-01-01"	"Total"	"Residents"	"Central bank"	""	"7059"
"belgium"	"2014-01-01"	"Total"	"Residents"	"OMFIs"	""	"91137"
"belgium"	"2014-01-01"	"Total"	"Residents"	"Other financial institutions"	""	"77634"
"belgium"	"2014-01-01"	"Total"	"Residents"	"Other residents"	""	"21213"
"belgium"	"2014-01-01"	"Total"	"Non-residents"	""	""	"234116"
"belgium"	"2015-01-01"	"Total"	"Residents"	"Central bank"	""	"19161"
"belgium"	"2015-01-01"	"Total"	"Residents"	"OMFIs"	""	"88138"
"belgium"	"2015-01-01"	"Total"	"Residents"	"Other financial institutions"	""	"75230"
"belgium"	"2015-01-01"	"Total"	"Residents"	"Other residents"	""	"21497"
"belgium"	"2015-01-01"	"Total"	"Non-residents"	""	""	"234207"
"belgium"	"2016-01-01"	"Total"	"Residents"	"Central bank"	""	"37252"
"belgium"	"2016-01-01"	"Total"	"Residents"	"OMFIs"	""	"82127"
"belgium"	"2016-01-01"	"Total"	"Residents"	"Other financial institutions"	""	"70726"
"belgium"	"2016-01-01"	"Total"	"Residents"	"Other residents"	""	"19076"
"belgium"	"2016-01-01"	"Total"	"Non-residents"	""	""	"242147"
"belgium"	"2017-01-01"	"Total"	"Residents"	"Central bank"	""	"55468"
"belgium"	"2017-01-01"	"Total"	"Residents"	"OMFIs"	""	"76121"
"belgium"	"2017-01-01"	"Total"	"Residents"	"Other financial institutions"	""	"69445"
"belgium"	"2017-01-01"	"Total"	"Residents"	"Other residents"	""	"17718"
"belgium"	"2017-01-01"	"Total"	"Non-residents"	""	""	"235076"
"belgium"	"2018-01-01"	"Total"	"Residents"	"Central bank"	""	"59848"
"belgium"	"2018-01-01"	"Total"	"Residents"	"OMFIs"	""	"71650"
"belgium"	"2018-01-01"	"Total"	"Residents"	"Other financial institutions"	""	"66560"
"belgium"	"2018-01-01"	"Total"	"Residents"	"Other residents"	""	"17519"
"belgium"	"2018-01-01"	"Total"	"Non-residents"	""	""	"243484"
"belgium"	"2019-01-01"	"Total"	"Residents"	"Central bank"	""	"59922"
"belgium"	"2019-01-01"	"Total"	"Residents"	"OMFIs"	""	"64496"
"belgium"	"2019-01-01"	"Total"	"Residents"	"Other financial institutions"	""	"65638"
"belgium"	"2019-01-01"	"Total"	"Residents"	"Other residents"	""	"16823"
"belgium"	"2019-01-01"	"Total"	"Non-residents"	""	""	"260280"
